2026-05-02 05:13:27 | INFO     | __main__:413 — Starting download: 5 leagues × 7 seasons = 35 files
2026-05-02 05:13:27 | INFO     | __main__:123 — Downloading English Premier League 2018-19 ...
2026-05-02 05:13:30 | SUCCESS  | __main__:135 — Saved: EPL_1819.csv (96,144 bytes)
2026-05-02 05:13:30 | INFO     | __main__:123 — Downloading English Premier League 2019-20 ...
2026-05-02 05:13:33 | SUCCESS  | __main__:135 — Saved: EPL_1920.csv (175,475 bytes)
2026-05-02 05:13:33 | INFO     | __main__:123 — Downloading English Premier League 2020-21 ...
2026-05-02 05:13:37 | SUCCESS  | __main__:135 — Saved: EPL_2021.csv (175,815 bytes)
2026-05-02 05:13:37 | INFO     | __main__:123 — Downloading English Premier League 2021-22 ...
2026-05-02 05:13:40 | SUCCESS  | __main__:135 — Saved: EPL_2122.csv (175,363 bytes)
2026-05-02 05:13:40 | INFO     | __main__:123 — Downloading English Premier League 2022-23 ...
2026-05-02 05:13:43 | SUCCESS  | __main__:135 — Saved: EPL_2223.csv (176,180 bytes)
2026-05-02 05:13:43 | INFO     | __main__:123 — Downloading English Premier League 2023-24 ...
2026-05-02 05:13:46 | SUCCESS  | __main__:135 — Saved: EPL_2324.csv (172,196 bytes)
2026-05-02 05:13:46 | INFO     | __main__:123 — Downloading English Premier League 2024-25 ...
2026-05-02 05:13:49 | SUCCESS  | __main__:135 — Saved: EPL_2425.csv (197,110 bytes)
2026-05-02 05:13:49 | INFO     | __main__:123 — Downloading English Championship 2018-19 ...
2026-05-02 05:13:52 | SUCCESS  | __main__:135 — Saved: ENG_CHAMP_1819.csv (140,915 bytes)
2026-05-02 05:13:52 | INFO     | __main__:123 — Downloading English Championship 2019-20 ...
2026-05-02 05:13:56 | SUCCESS  | __main__:135 — Saved: ENG_CHAMP_1920.csv (254,740 bytes)
2026-05-02 05:13:56 | INFO     | __main__:123 — Downloading English Championship 2020-21 ...
2026-05-02 05:13:59 | SUCCESS  | __main__:135 — Saved: ENG_CHAMP_2021.csv (255,966 bytes)
2026-05-02 05:13:59 | INFO     | __main__:123 — Downloading English Championship 2021-22 ...
2026-05-02 05:14:03 | SUCCESS  | __main__:135 — Saved: ENG_CHAMP_2122.csv (255,881 bytes)
2026-05-02 05:14:03 | INFO     | __main__:123 — Downloading English Championship 2022-23 ...
2026-05-02 05:14:06 | SUCCESS  | __main__:135 — Saved: ENG_CHAMP_2223.csv (255,779 bytes)
2026-05-02 05:14:06 | INFO     | __main__:123 — Downloading English Championship 2023-24 ...
2026-05-02 05:14:09 | SUCCESS  | __main__:135 — Saved: ENG_CHAMP_2324.csv (251,182 bytes)
2026-05-02 05:14:09 | INFO     | __main__:123 — Downloading English Championship 2024-25 ...
2026-05-02 05:14:13 | SUCCESS  | __main__:135 — Saved: ENG_CHAMP_2425.csv (286,983 bytes)
2026-05-02 05:14:13 | INFO     | __main__:123 — Downloading La Liga 2018-19 ...
2026-05-02 05:14:16 | SUCCESS  | __main__:135 — Saved: LA_LIGA_1819.csv (92,914 bytes)
2026-05-02 05:14:16 | INFO     | __main__:123 — Downloading La Liga 2019-20 ...
2026-05-02 05:14:19 | SUCCESS  | __main__:135 — Saved: LA_LIGA_1920.csv (171,484 bytes)
2026-05-02 05:14:19 | INFO     | __main__:123 — Downloading La Liga 2020-21 ...
2026-05-02 05:14:22 | SUCCESS  | __main__:135 — Saved: LA_LIGA_2021.csv (171,721 bytes)
2026-05-02 05:14:22 | INFO     | __main__:123 — Downloading La Liga 2021-22 ...
2026-05-02 05:14:25 | SUCCESS  | __main__:135 — Saved: LA_LIGA_2122.csv (172,174 bytes)
2026-05-02 05:14:25 | INFO     | __main__:123 — Downloading La Liga 2022-23 ...
2026-05-02 05:14:29 | SUCCESS  | __main__:135 — Saved: LA_LIGA_2223.csv (172,199 bytes)
2026-05-02 05:14:29 | INFO     | __main__:123 — Downloading La Liga 2023-24 ...
2026-05-02 05:14:32 | SUCCESS  | __main__:135 — Saved: LA_LIGA_2324.csv (168,164 bytes)
2026-05-02 05:14:32 | INFO     | __main__:123 — Downloading La Liga 2024-25 ...
2026-05-02 05:14:36 | SUCCESS  | __main__:135 — Saved: LA_LIGA_2425.csv (192,863 bytes)
2026-05-02 05:14:36 | INFO     | __main__:123 — Downloading Serie A 2018-19 ...
2026-05-02 05:14:39 | SUCCESS  | __main__:135 — Saved: SERIE_A_1819.csv (91,392 bytes)
2026-05-02 05:14:39 | INFO     | __main__:123 — Downloading Serie A 2019-20 ...
2026-05-02 05:14:43 | SUCCESS  | __main__:135 — Saved: SERIE_A_1920.csv (170,130 bytes)
2026-05-02 05:14:43 | INFO     | __main__:123 — Downloading Serie A 2020-21 ...
2026-05-02 05:14:46 | SUCCESS  | __main__:135 — Saved: SERIE_A_2021.csv (170,667 bytes)
2026-05-02 05:14:46 | INFO     | __main__:123 — Downloading Serie A 2021-22 ...
2026-05-02 05:14:50 | SUCCESS  | __main__:135 — Saved: SERIE_A_2122.csv (171,204 bytes)
2026-05-02 05:14:50 | INFO     | __main__:123 — Downloading Serie A 2022-23 ...
2026-05-02 05:14:53 | SUCCESS  | __main__:135 — Saved: SERIE_A_2223.csv (171,573 bytes)
2026-05-02 05:14:53 | INFO     | __main__:123 — Downloading Serie A 2023-24 ...
2026-05-02 05:14:56 | SUCCESS  | __main__:135 — Saved: SERIE_A_2324.csv (167,015 bytes)
2026-05-02 05:14:56 | INFO     | __main__:123 — Downloading Serie A 2024-25 ...
2026-05-02 05:14:59 | SUCCESS  | __main__:135 — Saved: SERIE_A_2425.csv (191,722 bytes)
2026-05-02 05:14:59 | INFO     | __main__:123 — Downloading Ligue 1 2018-19 ...
2026-05-02 05:15:02 | SUCCESS  | __main__:135 — Saved: LIGUE_1_1819.csv (91,888 bytes)
2026-05-02 05:15:02 | INFO     | __main__:123 — Downloading Ligue 1 2019-20 ...
2026-05-02 05:15:05 | SUCCESS  | __main__:135 — Saved: LIGUE_1_1920.csv (125,011 bytes)
2026-05-02 05:15:05 | INFO     | __main__:123 — Downloading Ligue 1 2020-21 ...
2026-05-02 05:15:09 | SUCCESS  | __main__:135 — Saved: LIGUE_1_2021.csv (170,539 bytes)
2026-05-02 05:15:09 | INFO     | __main__:123 — Downloading Ligue 1 2021-22 ...
2026-05-02 05:15:12 | SUCCESS  | __main__:135 — Saved: LIGUE_1_2122.csv (171,274 bytes)
2026-05-02 05:15:12 | INFO     | __main__:123 — Downloading Ligue 1 2022-23 ...
2026-05-02 05:15:15 | SUCCESS  | __main__:135 — Saved: LIGUE_1_2223.csv (171,165 bytes)
2026-05-02 05:15:15 | INFO     | __main__:123 — Downloading Ligue 1 2023-24 ...
2026-05-02 05:15:19 | SUCCESS  | __main__:135 — Saved: LIGUE_1_2324.csv (135,000 bytes)
2026-05-02 05:15:19 | INFO     | __main__:123 — Downloading Ligue 1 2024-25 ...
2026-05-02 05:15:22 | SUCCESS  | __main__:135 — Saved: LIGUE_1_2425.csv (154,703 bytes)
2026-05-02 05:15:22 | INFO     | __main__:425 — Download complete: 35/35 files successfully obtained
2026-05-02 05:15:22 | INFO     | __main__:462 — Parsing downloaded CSV files ...
2026-05-02 05:15:22 | DEBUG    | __main__:198 — Raw shape: (380, 62) — EPL_1819.csv
2026-05-02 05:15:22 | DEBUG    | __main__:265 — Parsed: 380 matches — EPL_1819.csv
2026-05-02 05:15:23 | DEBUG    | __main__:198 — Raw shape: (380, 106) — EPL_1920.csv
2026-05-02 05:15:23 | DEBUG    | __main__:265 — Parsed: 380 matches — EPL_1920.csv
2026-05-02 05:15:23 | DEBUG    | __main__:198 — Raw shape: (380, 106) — EPL_2021.csv
2026-05-02 05:15:23 | DEBUG    | __main__:265 — Parsed: 380 matches — EPL_2021.csv
2026-05-02 05:15:23 | DEBUG    | __main__:198 — Raw shape: (380, 106) — EPL_2122.csv
2026-05-02 05:15:23 | DEBUG    | __main__:265 — Parsed: 380 matches — EPL_2122.csv
2026-05-02 05:15:23 | DEBUG    | __main__:198 — Raw shape: (380, 106) — EPL_2223.csv
2026-05-02 05:15:23 | DEBUG    | __main__:265 — Parsed: 380 matches — EPL_2223.csv
2026-05-02 05:15:23 | DEBUG    | __main__:198 — Raw shape: (380, 106) — EPL_2324.csv
2026-05-02 05:15:23 | DEBUG    | __main__:265 — Parsed: 380 matches — EPL_2324.csv
2026-05-02 05:15:23 | DEBUG    | __main__:198 — Raw shape: (380, 120) — EPL_2425.csv
2026-05-02 05:15:23 | DEBUG    | __main__:265 — Parsed: 380 matches — EPL_2425.csv
2026-05-02 05:15:23 | DEBUG    | __main__:198 — Raw shape: (552, 62) — ENG_CHAMP_1819.csv
2026-05-02 05:15:23 | DEBUG    | __main__:265 — Parsed: 552 matches — ENG_CHAMP_1819.csv
2026-05-02 05:15:23 | DEBUG    | __main__:198 — Raw shape: (552, 106) — ENG_CHAMP_1920.csv
2026-05-02 05:15:23 | DEBUG    | __main__:265 — Parsed: 552 matches — ENG_CHAMP_1920.csv
2026-05-02 05:15:23 | DEBUG    | __main__:198 — Raw shape: (552, 106) — ENG_CHAMP_2021.csv
2026-05-02 05:15:23 | DEBUG    | __main__:265 — Parsed: 552 matches — ENG_CHAMP_2021.csv
2026-05-02 05:15:23 | DEBUG    | __main__:198 — Raw shape: (552, 106) — ENG_CHAMP_2122.csv
2026-05-02 05:15:23 | DEBUG    | __main__:265 — Parsed: 552 matches — ENG_CHAMP_2122.csv
2026-05-02 05:15:23 | DEBUG    | __main__:198 — Raw shape: (552, 106) — ENG_CHAMP_2223.csv
2026-05-02 05:15:23 | DEBUG    | __main__:265 — Parsed: 552 matches — ENG_CHAMP_2223.csv
2026-05-02 05:15:23 | DEBUG    | __main__:198 — Raw shape: (552, 106) — ENG_CHAMP_2324.csv
2026-05-02 05:15:23 | DEBUG    | __main__:265 — Parsed: 552 matches — ENG_CHAMP_2324.csv
2026-05-02 05:15:23 | DEBUG    | __main__:198 — Raw shape: (552, 120) — ENG_CHAMP_2425.csv
2026-05-02 05:15:23 | DEBUG    | __main__:265 — Parsed: 552 matches — ENG_CHAMP_2425.csv
2026-05-02 05:15:23 | DEBUG    | __main__:198 — Raw shape: (380, 61) — LA_LIGA_1819.csv
2026-05-02 05:15:23 | DEBUG    | __main__:265 — Parsed: 380 matches — LA_LIGA_1819.csv
2026-05-02 05:15:23 | DEBUG    | __main__:198 — Raw shape: (380, 105) — LA_LIGA_1920.csv
2026-05-02 05:15:23 | DEBUG    | __main__:265 — Parsed: 380 matches — LA_LIGA_1920.csv
2026-05-02 05:15:23 | DEBUG    | __main__:198 — Raw shape: (380, 105) — LA_LIGA_2021.csv
2026-05-02 05:15:23 | DEBUG    | __main__:265 — Parsed: 380 matches — LA_LIGA_2021.csv
2026-05-02 05:15:23 | DEBUG    | __main__:198 — Raw shape: (380, 105) — LA_LIGA_2122.csv
2026-05-02 05:15:23 | DEBUG    | __main__:265 — Parsed: 380 matches — LA_LIGA_2122.csv
2026-05-02 05:15:23 | DEBUG    | __main__:198 — Raw shape: (380, 105) — LA_LIGA_2223.csv
2026-05-02 05:15:23 | DEBUG    | __main__:265 — Parsed: 380 matches — LA_LIGA_2223.csv
2026-05-02 05:15:23 | DEBUG    | __main__:198 — Raw shape: (380, 105) — LA_LIGA_2324.csv
2026-05-02 05:15:23 | DEBUG    | __main__:265 — Parsed: 380 matches — LA_LIGA_2324.csv
2026-05-02 05:15:23 | DEBUG    | __main__:198 — Raw shape: (380, 119) — LA_LIGA_2425.csv
2026-05-02 05:15:23 | DEBUG    | __main__:265 — Parsed: 380 matches — LA_LIGA_2425.csv
2026-05-02 05:15:23 | DEBUG    | __main__:198 — Raw shape: (380, 61) — SERIE_A_1819.csv
2026-05-02 05:15:23 | DEBUG    | __main__:265 — Parsed: 380 matches — SERIE_A_1819.csv
2026-05-02 05:15:23 | DEBUG    | __main__:198 — Raw shape: (380, 105) — SERIE_A_1920.csv
2026-05-02 05:15:23 | DEBUG    | __main__:265 — Parsed: 380 matches — SERIE_A_1920.csv
2026-05-02 05:15:23 | DEBUG    | __main__:198 — Raw shape: (380, 105) — SERIE_A_2021.csv
2026-05-02 05:15:23 | DEBUG    | __main__:265 — Parsed: 380 matches — SERIE_A_2021.csv
2026-05-02 05:15:23 | DEBUG    | __main__:198 — Raw shape: (380, 105) — SERIE_A_2122.csv
2026-05-02 05:15:23 | DEBUG    | __main__:265 — Parsed: 380 matches — SERIE_A_2122.csv
2026-05-02 05:15:23 | DEBUG    | __main__:198 — Raw shape: (380, 105) — SERIE_A_2223.csv
2026-05-02 05:15:23 | DEBUG    | __main__:265 — Parsed: 380 matches — SERIE_A_2223.csv
2026-05-02 05:15:23 | DEBUG    | __main__:198 — Raw shape: (380, 105) — SERIE_A_2324.csv
2026-05-02 05:15:23 | DEBUG    | __main__:265 — Parsed: 380 matches — SERIE_A_2324.csv
2026-05-02 05:15:23 | DEBUG    | __main__:198 — Raw shape: (380, 119) — SERIE_A_2425.csv
2026-05-02 05:15:23 | DEBUG    | __main__:265 — Parsed: 380 matches — SERIE_A_2425.csv
2026-05-02 05:15:23 | DEBUG    | __main__:198 — Raw shape: (380, 61) — LIGUE_1_1819.csv
2026-05-02 05:15:23 | DEBUG    | __main__:265 — Parsed: 380 matches — LIGUE_1_1819.csv
2026-05-02 05:15:23 | DEBUG    | __main__:198 — Raw shape: (279, 105) — LIGUE_1_1920.csv
2026-05-02 05:15:24 | DEBUG    | __main__:265 — Parsed: 279 matches — LIGUE_1_1920.csv
2026-05-02 05:15:24 | DEBUG    | __main__:198 — Raw shape: (380, 105) — LIGUE_1_2021.csv
2026-05-02 05:15:24 | DEBUG    | __main__:265 — Parsed: 380 matches — LIGUE_1_2021.csv
2026-05-02 05:15:24 | DEBUG    | __main__:198 — Raw shape: (380, 105) — LIGUE_1_2122.csv
2026-05-02 05:15:24 | DEBUG    | __main__:265 — Parsed: 380 matches — LIGUE_1_2122.csv
2026-05-02 05:15:24 | DEBUG    | __main__:198 — Raw shape: (380, 105) — LIGUE_1_2223.csv
2026-05-02 05:15:24 | DEBUG    | __main__:265 — Parsed: 380 matches — LIGUE_1_2223.csv
2026-05-02 05:15:24 | DEBUG    | __main__:198 — Raw shape: (306, 105) — LIGUE_1_2324.csv
2026-05-02 05:15:24 | DEBUG    | __main__:265 — Parsed: 306 matches — LIGUE_1_2324.csv
2026-05-02 05:15:24 | DEBUG    | __main__:198 — Raw shape: (306, 119) — LIGUE_1_2425.csv
2026-05-02 05:15:24 | DEBUG    | __main__:265 — Parsed: 306 matches — LIGUE_1_2425.csv
2026-05-02 05:15:24 | INFO     | __main__:486 — Merging 35 DataFrames ...
2026-05-02 05:15:24 | INFO     | __main__:494 — Deriving target variables (BTTS, Over 2.5, Corners) ...
2026-05-02 05:15:24 | INFO     | __main__:498 — Calculating fair odds (removing bookmaker overround) ...
2026-05-02 05:15:24 | DEBUG    | __main__:381 — Fair odds calculated for 14,249 matches. Avg overround: 1.0528
2026-05-02 05:15:24 | INFO     | __main__:572 — ============================================================
2026-05-02 05:15:24 | INFO     | __main__:573 — DATA QUALITY REPORT
2026-05-02 05:15:24 | INFO     | __main__:574 — ============================================================
2026-05-02 05:15:24 | INFO     | __main__:575 — Total matches      : 14,255
2026-05-02 05:15:24 | INFO     | __main__:576 — Date range         : 2018-08-03 → 2025-05-25
2026-05-02 05:15:24 | INFO     | __main__:577 — Columns            : 169
2026-05-02 05:15:24 | INFO     | __main__:578 — Leagues            : 5
2026-05-02 05:15:24 | INFO     | __main__:579 — Seasons            : ['1819', '1920', '2021', '2122', '2223', '2324', '2425']
2026-05-02 05:15:24 | INFO     | __main__:580 — 
2026-05-02 05:15:24 | INFO     | __main__:586 —   ENG_CHAMP    3,864 matches | 43 teams | 7 seasons
2026-05-02 05:15:24 | INFO     | __main__:586 —   EPL          2,660 matches | 29 teams | 7 seasons
2026-05-02 05:15:24 | INFO     | __main__:586 —   LA_LIGA      2,660 matches | 27 teams | 7 seasons
2026-05-02 05:15:24 | INFO     | __main__:586 —   LIGUE_1      2,411 matches | 29 teams | 7 seasons
2026-05-02 05:15:24 | INFO     | __main__:586 —   SERIE_A      2,660 matches | 31 teams | 7 seasons
2026-05-02 05:15:24 | INFO     | __main__:592 — 
2026-05-02 05:15:24 | INFO     | __main__:598 — Columns with missing values:
2026-05-02 05:15:24 | INFO     | __main__:601 —   1XBA                      12,305 (86.3%)
2026-05-02 05:15:24 | INFO     | __main__:601 —   1XBD                      12,305 (86.3%)
2026-05-02 05:15:24 | INFO     | __main__:601 —   1XBH                      12,305 (86.3%)
2026-05-02 05:15:24 | INFO     | __main__:601 —   BFEAHH                    12,287 (86.2%)
2026-05-02 05:15:24 | INFO     | __main__:601 —   BFEAHA                    12,287 (86.2%)
2026-05-02 05:15:24 | INFO     | __main__:601 —   BFE<2.5                   12,282 (86.2%)
2026-05-02 05:15:24 | INFO     | __main__:601 —   BFE>2.5                   12,282 (86.2%)
2026-05-02 05:15:24 | INFO     | __main__:601 —   BFH                       12,259 (86.0%)
2026-05-02 05:15:24 | INFO     | __main__:601 —   BFD                       12,259 (86.0%)
2026-05-02 05:15:24 | INFO     | __main__:601 —   BFA                       12,259 (86.0%)
2026-05-02 05:15:24 | INFO     | __main__:601 —   1XBCA                     12,257 (86.0%)
2026-05-02 05:15:24 | INFO     | __main__:601 —   BFCA                      12,257 (86.0%)
2026-05-02 05:15:24 | INFO     | __main__:601 —   BFCH                      12,257 (86.0%)
2026-05-02 05:15:24 | INFO     | __main__:601 —   1XBCH                     12,257 (86.0%)
2026-05-02 05:15:24 | INFO     | __main__:601 —   1XBCD                     12,257 (86.0%)
2026-05-02 05:15:24 | INFO     | __main__:601 —   BFCD                      12,257 (86.0%)
2026-05-02 05:15:24 | INFO     | __main__:601 —   BFECH                     12,257 (86.0%)
2026-05-02 05:15:24 | INFO     | __main__:601 —   BFECAHA                   12,257 (86.0%)
2026-05-02 05:15:24 | INFO     | __main__:601 —   BFECD                     12,257 (86.0%)
2026-05-02 05:15:24 | INFO     | __main__:601 —   BFEA                      12,257 (86.0%)
2026-05-02 05:15:24 | INFO     | __main__:601 —   BFEH                      12,257 (86.0%)
2026-05-02 05:15:24 | INFO     | __main__:601 —   BFED                      12,257 (86.0%)
2026-05-02 05:15:24 | INFO     | __main__:601 —   BFECAHH                   12,257 (86.0%)
2026-05-02 05:15:24 | INFO     | __main__:601 —   BFEC<2.5                  12,257 (86.0%)
2026-05-02 05:15:24 | INFO     | __main__:601 —   BFEC>2.5                  12,257 (86.0%)
2026-05-02 05:15:24 | INFO     | __main__:601 —   BFECA                     12,257 (86.0%)
2026-05-02 05:15:24 | INFO     | __main__:601 —   BbAH                      12,183 (85.5%)
2026-05-02 05:15:24 | INFO     | __main__:601 —   BbAv<2.5                  12,183 (85.5%)
2026-05-02 05:15:24 | INFO     | __main__:601 —   BbMxD                     12,183 (85.5%)
2026-05-02 05:15:24 | INFO     | __main__:601 —   BbMx<2.5                  12,183 (85.5%)
2026-05-02 05:15:24 | INFO     | __main__:601 —   BbAv>2.5                  12,183 (85.5%)
2026-05-02 05:15:24 | INFO     | __main__:601 —   BbMx>2.5                  12,183 (85.5%)
2026-05-02 05:15:24 | INFO     | __main__:601 —   BbOU                      12,183 (85.5%)
2026-05-02 05:15:24 | INFO     | __main__:601 —   BbAvA                     12,183 (85.5%)
2026-05-02 05:15:24 | INFO     | __main__:601 —   BbMxA                     12,183 (85.5%)
2026-05-02 05:15:24 | INFO     | __main__:601 —   BbAvD                     12,183 (85.5%)
2026-05-02 05:15:24 | INFO     | __main__:601 —   BbAHh                     12,183 (85.5%)
2026-05-02 05:15:24 | INFO     | __main__:601 —   BbAvH                     12,183 (85.5%)
2026-05-02 05:15:24 | INFO     | __main__:601 —   BbMxH                     12,183 (85.5%)
2026-05-02 05:15:24 | INFO     | __main__:601 —   Bb1X2                     12,183 (85.5%)
2026-05-02 05:15:24 | INFO     | __main__:601 —   BbAvAHH                   12,183 (85.5%)
2026-05-02 05:15:24 | INFO     | __main__:601 —   BbMxAHA                   12,183 (85.5%)
2026-05-02 05:15:24 | INFO     | __main__:601 —   BbAvAHA                   12,183 (85.5%)
2026-05-02 05:15:24 | INFO     | __main__:601 —   BbMxAHH                   12,183 (85.5%)
2026-05-02 05:15:24 | INFO     | __main__:601 —   referee                    7,732 (54.2%)
2026-05-02 05:15:25 | INFO     | __main__:601 —   IWCD                       5,056 (35.5%)
2026-05-02 05:15:25 | INFO     | __main__:601 —   IWCH                       5,056 (35.5%)
2026-05-02 05:15:25 | INFO     | __main__:601 —   IWCA                       5,056 (35.5%)
2026-05-02 05:15:25 | INFO     | __main__:601 —   VCCH                       4,070 (28.6%)
2026-05-02 05:15:25 | INFO     | __main__:601 —   VCCD                       4,070 (28.6%)
2026-05-02 05:15:25 | INFO     | __main__:601 —   VCCA                       4,070 (28.6%)
2026-05-02 05:15:25 | INFO     | __main__:601 —   IWA                        2,977 (20.9%)
2026-05-02 05:15:25 | INFO     | __main__:601 —   IWD                        2,977 (20.9%)
2026-05-02 05:15:25 | INFO     | __main__:601 —   IWH                        2,977 (20.9%)
2026-05-02 05:15:25 | INFO     | __main__:601 —   BWCH                       2,862 (20.1%)
2026-05-02 05:15:25 | INFO     | __main__:601 —   BWCD                       2,862 (20.1%)
2026-05-02 05:15:25 | INFO     | __main__:601 —   BWCA                       2,862 (20.1%)
2026-05-02 05:15:25 | INFO     | __main__:601 —   WHCD                       2,524 (17.7%)
2026-05-02 05:15:25 | INFO     | __main__:601 —   WHCH                       2,524 (17.7%)
2026-05-02 05:15:25 | INFO     | __main__:601 —   WHCA                       2,524 (17.7%)
2026-05-02 05:15:25 | INFO     | __main__:601 —   P<2.5                      2,107 (14.8%)
2026-05-02 05:15:25 | INFO     | __main__:601 —   P>2.5                      2,107 (14.8%)
2026-05-02 05:15:25 | INFO     | __main__:601 —   PC<2.5                     2,092 (14.7%)
2026-05-02 05:15:25 | INFO     | __main__:601 —   PC>2.5                     2,092 (14.7%)
2026-05-02 05:15:25 | INFO     | __main__:601 —   B365AHH                    2,089 (14.7%)
2026-05-02 05:15:25 | INFO     | __main__:601 —   B365AHA                    2,089 (14.7%)
2026-05-02 05:15:25 | INFO     | __main__:601 —   PAHH                       2,084 (14.6%)
2026-05-02 05:15:25 | INFO     | __main__:601 —   PAHA                       2,084 (14.6%)
2026-05-02 05:15:25 | INFO     | __main__:601 —   odds_over_25               2,082 (14.6%)
2026-05-02 05:15:25 | INFO     | __main__:601 —   odds_under_25              2,082 (14.6%)
2026-05-02 05:15:25 | INFO     | __main__:601 —   AvgAHH                     2,074 (14.5%)
2026-05-02 05:15:25 | INFO     | __main__:601 —   PCAHA                      2,074 (14.5%)
2026-05-02 05:15:25 | INFO     | __main__:601 —   PCAHH                      2,074 (14.5%)
2026-05-02 05:15:25 | INFO     | __main__:601 —   B365CAHA                   2,074 (14.5%)
2026-05-02 05:15:25 | INFO     | __main__:601 —   B365CAHH                   2,074 (14.5%)
2026-05-02 05:15:25 | INFO     | __main__:601 —   AvgAHA                     2,074 (14.5%)
2026-05-02 05:15:25 | INFO     | __main__:601 —   MaxAHH                     2,074 (14.5%)
2026-05-02 05:15:25 | INFO     | __main__:601 —   MaxAHA                     2,074 (14.5%)
2026-05-02 05:15:25 | INFO     | __main__:601 —   AHh                        2,074 (14.5%)
2026-05-02 05:15:25 | INFO     | __main__:601 —   Max>2.5                    2,074 (14.5%)
2026-05-02 05:15:25 | INFO     | __main__:601 —   Max<2.5                    2,074 (14.5%)
2026-05-02 05:15:25 | INFO     | __main__:601 —   Avg>2.5                    2,074 (14.5%)
2026-05-02 05:15:25 | INFO     | __main__:601 —   Avg<2.5                    2,074 (14.5%)
2026-05-02 05:15:25 | INFO     | __main__:601 —   MaxD                       2,073 (14.5%)
2026-05-02 05:15:25 | INFO     | __main__:601 —   B365CH                     2,073 (14.5%)
2026-05-02 05:15:25 | INFO     | __main__:601 —   B365C>2.5                  2,073 (14.5%)
2026-05-02 05:15:25 | INFO     | __main__:601 —   B365CA                     2,073 (14.5%)
2026-05-02 05:15:25 | INFO     | __main__:601 —   MaxH                       2,073 (14.5%)
2026-05-02 05:15:25 | INFO     | __main__:601 —   MaxA                       2,073 (14.5%)
2026-05-02 05:15:25 | INFO     | __main__:601 —   AvgH                       2,073 (14.5%)
2026-05-02 05:15:25 | INFO     | __main__:601 —   B365CD                     2,073 (14.5%)
2026-05-02 05:15:25 | INFO     | __main__:601 —   AvgD                       2,073 (14.5%)
2026-05-02 05:15:25 | INFO     | __main__:601 —   AvgA                       2,073 (14.5%)
2026-05-02 05:15:25 | INFO     | __main__:601 —   MaxCAHH                    2,073 (14.5%)
2026-05-02 05:15:25 | INFO     | __main__:601 —   MaxCAHA                    2,073 (14.5%)
2026-05-02 05:15:25 | INFO     | __main__:601 —   B365C<2.5                  2,073 (14.5%)
2026-05-02 05:15:25 | INFO     | __main__:601 —   AHCh                       2,072 (14.5%)
2026-05-02 05:15:25 | INFO     | __main__:601 —   AvgC<2.5                   2,072 (14.5%)
2026-05-02 05:15:25 | INFO     | __main__:601 —   AvgC>2.5                   2,072 (14.5%)
2026-05-02 05:15:25 | INFO     | __main__:601 —   MaxC>2.5                   2,072 (14.5%)
2026-05-02 05:15:25 | INFO     | __main__:601 —   AvgCAHH                    2,072 (14.5%)
2026-05-02 05:15:25 | INFO     | __main__:601 —   AvgCAHA                    2,072 (14.5%)
2026-05-02 05:15:25 | INFO     | __main__:601 —   MaxC<2.5                   2,072 (14.5%)
2026-05-02 05:15:25 | INFO     | __main__:601 —   AvgCA                      2,072 (14.5%)
2026-05-02 05:15:25 | INFO     | __main__:601 —   MaxCH                      2,072 (14.5%)
2026-05-02 05:15:25 | INFO     | __main__:601 —   Time                       2,072 (14.5%)
2026-05-02 05:15:25 | INFO     | __main__:601 —   AvgCD                      2,072 (14.5%)
2026-05-02 05:15:25 | INFO     | __main__:601 —   MaxCD                      2,072 (14.5%)
2026-05-02 05:15:25 | INFO     | __main__:601 —   MaxCA                      2,072 (14.5%)
2026-05-02 05:15:25 | INFO     | __main__:601 —   AvgCH                      2,072 (14.5%)
2026-05-02 05:15:25 | INFO     | __main__:601 —   VCA                        2,003 (14.1%)
2026-05-02 05:15:25 | INFO     | __main__:601 —   VCH                        2,003 (14.1%)
2026-05-02 05:15:25 | INFO     | __main__:601 —   VCD                        2,003 (14.1%)
2026-05-02 05:15:25 | INFO     | __main__:601 —   BWH                          771 (5.4%)
2026-05-02 05:15:25 | INFO     | __main__:601 —   BWD                          771 (5.4%)
2026-05-02 05:15:25 | INFO     | __main__:601 —   BWA                          771 (5.4%)
2026-05-02 05:15:25 | INFO     | __main__:601 —   WHA                          458 (3.2%)
2026-05-02 05:15:25 | INFO     | __main__:601 —   WHD                          458 (3.2%)
2026-05-02 05:15:25 | INFO     | __main__:601 —   WHH                          458 (3.2%)
2026-05-02 05:15:25 | INFO     | __main__:601 —   PSH                           12 (0.1%)
2026-05-02 05:15:25 | INFO     | __main__:601 —   PSA                           12 (0.1%)
2026-05-02 05:15:25 | INFO     | __main__:601 —   PSD                           12 (0.1%)
2026-05-02 05:15:25 | INFO     | __main__:601 —   implied_prob_home              6 (0.0%)
2026-05-02 05:15:25 | INFO     | __main__:601 —   implied_prob_draw              6 (0.0%)
2026-05-02 05:15:25 | INFO     | __main__:601 —   implied_prob_away              6 (0.0%)
2026-05-02 05:15:25 | INFO     | __main__:601 —   overround                      6 (0.0%)
2026-05-02 05:15:25 | INFO     | __main__:601 —   fair_prob_home                 6 (0.0%)
2026-05-02 05:15:25 | INFO     | __main__:601 —   fair_prob_draw                 6 (0.0%)
2026-05-02 05:15:25 | INFO     | __main__:601 —   fair_prob_away                 6 (0.0%)
2026-05-02 05:15:25 | INFO     | __main__:601 —   odds_away                      5 (0.0%)
2026-05-02 05:15:25 | INFO     | __main__:601 —   odds_draw                      5 (0.0%)
2026-05-02 05:15:25 | INFO     | __main__:601 —   odds_home                      5 (0.0%)
2026-05-02 05:15:25 | INFO     | __main__:601 —   PSCD                           2 (0.0%)
2026-05-02 05:15:25 | INFO     | __main__:601 —   PSCH                           2 (0.0%)
2026-05-02 05:15:25 | INFO     | __main__:601 —   PSCA                           2 (0.0%)
2026-05-02 05:15:25 | INFO     | __main__:601 —   ht_away_goals                  1 (0.0%)
2026-05-02 05:15:25 | INFO     | __main__:601 —   total_corners                  1 (0.0%)
2026-05-02 05:15:25 | INFO     | __main__:601 —   ht_result                      1 (0.0%)
2026-05-02 05:15:25 | INFO     | __main__:601 —   home_shots                     1 (0.0%)
2026-05-02 05:15:25 | INFO     | __main__:601 —   away_shots                     1 (0.0%)
2026-05-02 05:15:25 | INFO     | __main__:601 —   home_shots_ot                  1 (0.0%)
2026-05-02 05:15:25 | INFO     | __main__:601 —   away_shots_ot                  1 (0.0%)
2026-05-02 05:15:25 | INFO     | __main__:601 —   HF                             1 (0.0%)
2026-05-02 05:15:25 | INFO     | __main__:601 —   away_corners                   1 (0.0%)
2026-05-02 05:15:25 | INFO     | __main__:601 —   AF                             1 (0.0%)
2026-05-02 05:15:25 | INFO     | __main__:601 —   home_corners                   1 (0.0%)
2026-05-02 05:15:25 | INFO     | __main__:601 —   home_yellows                   1 (0.0%)
2026-05-02 05:15:25 | INFO     | __main__:601 —   away_yellows                   1 (0.0%)
2026-05-02 05:15:25 | INFO     | __main__:601 —   home_reds                      1 (0.0%)
2026-05-02 05:15:25 | INFO     | __main__:601 —   away_reds                      1 (0.0%)
2026-05-02 05:15:25 | INFO     | __main__:601 —   ht_home_goals                  1 (0.0%)
2026-05-02 05:15:25 | INFO     | __main__:605 — 
2026-05-02 05:15:25 | INFO     | __main__:611 — Result distribution:
2026-05-02 05:15:25 | INFO     | __main__:615 —   Home Win (H)        6,152 (43.2%)
2026-05-02 05:15:25 | INFO     | __main__:615 —   Draw (D)            3,667 (25.7%)
2026-05-02 05:15:25 | INFO     | __main__:615 —   Away Win (A)        4,436 (31.1%)
2026-05-02 05:15:25 | INFO     | __main__:619 — BTTS Yes rate      : 52.5%
2026-05-02 05:15:25 | INFO     | __main__:623 — Over 2.5 rate      : 50.2%
2026-05-02 05:15:25 | INFO     | __main__:627 — Bet365 odds coverage: 100.0%
2026-05-02 05:15:25 | INFO     | __main__:629 — ============================================================
2026-05-02 05:15:25 | SUCCESS  | __main__:504 — Master DataFrame built: 14,255 matches, 169 columns
2026-05-02 05:15:25 | SUCCESS  | __main__:522 — Saved master: /home/afshin/learning/files/data/processed/master.parquet (1704.2 KB)
2026-05-02 05:15:25 | DEBUG    | __main__:529 — Saved ENG_CHAMP: 3,864 matches → ENG_CHAMP_master.parquet
2026-05-02 05:15:26 | DEBUG    | __main__:529 — Saved EPL: 2,660 matches → EPL_master.parquet
2026-05-02 05:15:26 | DEBUG    | __main__:529 — Saved LIGUE_1: 2,411 matches → LIGUE_1_master.parquet
2026-05-02 05:15:26 | DEBUG    | __main__:529 — Saved LA_LIGA: 2,660 matches → LA_LIGA_master.parquet
2026-05-02 05:15:26 | DEBUG    | __main__:529 — Saved SERIE_A: 2,660 matches → SERIE_A_master.parquet
2026-05-02 05:15:26 | SUCCESS  | __main__:690 — All done. Run notebook 01_data_exploration.ipynb to explore the data.
2026-05-02 05:23:27 | INFO     | __main__:553 — Loading master DataFrame ...
2026-05-02 05:23:28 | INFO     | data_loader:559 — Loaded: 14,255 matches from master.parquet
2026-05-02 05:23:28 | INFO     | __main__:556 — Adding ELO ratings ...
2026-05-02 05:23:28 | INFO     | __main__:243 — Computing ELO ratings for 5 leagues separately ...
2026-05-02 05:23:28 | INFO     | __main__:247 —   Processing ENG_CHAMP: 3,864 matches ...
2026-05-02 05:23:29 | DEBUG    | __main__:171 — New team detected: Cardiff → starting ELO 1501.406111111111
2026-05-02 05:23:29 | DEBUG    | __main__:171 — New team detected: Luton → starting ELO 1501.406111111111
2026-05-02 05:23:29 | DEBUG    | __main__:171 — New team detected: Fulham → starting ELO 1501.406111111111
2026-05-02 05:23:29 | DEBUG    | __main__:171 — New team detected: Huddersfield → starting ELO 1501.406111111111
2026-05-02 05:23:29 | DEBUG    | __main__:171 — New team detected: Charlton → starting ELO 1501.406111111111
2026-05-02 05:23:29 | DEBUG    | __main__:171 — New team detected: Barnsley → starting ELO 1501.406111111111
2026-05-02 05:23:29 | DEBUG    | __main__:299 — ENG_CHAMP season 1920: regression applied, mean ELO = 1501.4
2026-05-02 05:23:30 | DEBUG    | __main__:171 — New team detected: Watford → starting ELO 1493.1816666666666
2026-05-02 05:23:30 | DEBUG    | __main__:171 — New team detected: Bournemouth → starting ELO 1493.1816666666666
2026-05-02 05:23:30 | DEBUG    | __main__:171 — New team detected: Norwich → starting ELO 1493.1816666666666
2026-05-02 05:23:30 | DEBUG    | __main__:171 — New team detected: Wycombe → starting ELO 1493.1816666666666
2026-05-02 05:23:30 | DEBUG    | __main__:171 — New team detected: Coventry → starting ELO 1493.1816666666666
2026-05-02 05:23:30 | DEBUG    | __main__:171 — New team detected: Rotherham → starting ELO 1493.1816666666666
2026-05-02 05:23:30 | DEBUG    | __main__:299 — ENG_CHAMP season 2021: regression applied, mean ELO = 1493.2
2026-05-02 05:23:31 | DEBUG    | __main__:171 — New team detected: Blackpool → starting ELO 1481.6455555555558
2026-05-02 05:23:31 | DEBUG    | __main__:171 — New team detected: West Brom → starting ELO 1481.6455555555558
2026-05-02 05:23:31 | DEBUG    | __main__:171 — New team detected: Hull → starting ELO 1481.6455555555558
2026-05-02 05:23:31 | DEBUG    | __main__:171 — New team detected: Peterboro → starting ELO 1481.6455555555558
2026-05-02 05:23:31 | DEBUG    | __main__:171 — New team detected: Fulham → starting ELO 1481.6455555555558
2026-05-02 05:23:31 | DEBUG    | __main__:171 — New team detected: Sheffield United → starting ELO 1481.6455555555558
2026-05-02 05:23:31 | DEBUG    | __main__:299 — ENG_CHAMP season 2122: regression applied, mean ELO = 1481.6
2026-05-02 05:23:32 | DEBUG    | __main__:171 — New team detected: Watford → starting ELO 1479.933888888889
2026-05-02 05:23:32 | DEBUG    | __main__:171 — New team detected: Norwich → starting ELO 1479.933888888889
2026-05-02 05:23:32 | DEBUG    | __main__:171 — New team detected: Wigan → starting ELO 1479.933888888889
2026-05-02 05:23:32 | DEBUG    | __main__:171 — New team detected: Burnley → starting ELO 1479.933888888889
2026-05-02 05:23:32 | DEBUG    | __main__:171 — New team detected: Sunderland → starting ELO 1479.933888888889
2026-05-02 05:23:32 | DEBUG    | __main__:171 — New team detected: Rotherham → starting ELO 1479.933888888889
2026-05-02 05:23:32 | DEBUG    | __main__:299 — ENG_CHAMP season 2223: regression applied, mean ELO = 1479.9
2026-05-02 05:23:33 | DEBUG    | __main__:171 — New team detected: Plymouth → starting ELO 1469.6327777777778
2026-05-02 05:23:33 | DEBUG    | __main__:171 — New team detected: Leicester → starting ELO 1469.6327777777778
2026-05-02 05:23:33 | DEBUG    | __main__:171 — New team detected: Ipswich → starting ELO 1469.6327777777778
2026-05-02 05:23:33 | DEBUG    | __main__:171 — New team detected: Leeds → starting ELO 1469.6327777777778
2026-05-02 05:23:33 | DEBUG    | __main__:171 — New team detected: Sheffield Weds → starting ELO 1469.6327777777778
2026-05-02 05:23:33 | DEBUG    | __main__:171 — New team detected: Southampton → starting ELO 1469.6327777777778
2026-05-02 05:23:33 | DEBUG    | __main__:299 — ENG_CHAMP season 2324: regression applied, mean ELO = 1469.6
2026-05-02 05:23:34 | DEBUG    | __main__:171 — New team detected: Oxford → starting ELO 1470.1911111111112
2026-05-02 05:23:34 | DEBUG    | __main__:171 — New team detected: Portsmouth → starting ELO 1470.1911111111112
2026-05-02 05:23:34 | DEBUG    | __main__:171 — New team detected: Luton → starting ELO 1470.1911111111112
2026-05-02 05:23:34 | DEBUG    | __main__:171 — New team detected: Sheffield United → starting ELO 1470.1911111111112
2026-05-02 05:23:34 | DEBUG    | __main__:171 — New team detected: Burnley → starting ELO 1470.1911111111112
2026-05-02 05:23:34 | DEBUG    | __main__:171 — New team detected: Derby → starting ELO 1470.1911111111112
2026-05-02 05:23:34 | DEBUG    | __main__:299 — ENG_CHAMP season 2425: regression applied, mean ELO = 1470.2
2026-05-02 05:23:35 | INFO     | __main__:247 —   Processing EPL: 2,660 matches ...
2026-05-02 05:23:36 | DEBUG    | __main__:171 — New team detected: Norwich → starting ELO 1527.2170588235294
2026-05-02 05:23:36 | DEBUG    | __main__:171 — New team detected: Sheffield United → starting ELO 1527.2170588235294
2026-05-02 05:23:36 | DEBUG    | __main__:171 — New team detected: Aston Villa → starting ELO 1527.2170588235294
2026-05-02 05:23:36 | DEBUG    | __main__:299 — EPL season 1920: regression applied, mean ELO = 1527.2
2026-05-02 05:23:37 | DEBUG    | __main__:171 — New team detected: West Brom → starting ELO 1552.526470588235
2026-05-02 05:23:37 | DEBUG    | __main__:171 — New team detected: Fulham → starting ELO 1552.526470588235
2026-05-02 05:23:37 | DEBUG    | __main__:171 — New team detected: Leeds → starting ELO 1552.526470588235
2026-05-02 05:23:37 | DEBUG    | __main__:299 — EPL season 2021: regression applied, mean ELO = 1552.5
2026-05-02 05:23:37 | DEBUG    | __main__:171 — New team detected: Watford → starting ELO 1577.0864705882352
2026-05-02 05:23:37 | DEBUG    | __main__:171 — New team detected: Norwich → starting ELO 1577.0864705882352
2026-05-02 05:23:37 | DEBUG    | __main__:171 — New team detected: Brentford → starting ELO 1577.0864705882352
2026-05-02 05:23:37 | DEBUG    | __main__:299 — EPL season 2122: regression applied, mean ELO = 1577.1
2026-05-02 05:23:38 | DEBUG    | __main__:171 — New team detected: Bournemouth → starting ELO 1604.3876470588239
2026-05-02 05:23:38 | DEBUG    | __main__:171 — New team detected: Fulham → starting ELO 1604.3876470588239
2026-05-02 05:23:38 | DEBUG    | __main__:171 — New team detected: Nott'm Forest → starting ELO 1604.3876470588239
2026-05-02 05:23:38 | DEBUG    | __main__:299 — EPL season 2223: regression applied, mean ELO = 1604.4
2026-05-02 05:23:39 | DEBUG    | __main__:171 — New team detected: Luton → starting ELO 1629.5429411764705
2026-05-02 05:23:39 | DEBUG    | __main__:171 — New team detected: Sheffield United → starting ELO 1629.5429411764705
2026-05-02 05:23:39 | DEBUG    | __main__:171 — New team detected: Burnley → starting ELO 1629.5429411764705
2026-05-02 05:23:39 | DEBUG    | __main__:299 — EPL season 2324: regression applied, mean ELO = 1629.5
2026-05-02 05:23:39 | DEBUG    | __main__:171 — New team detected: Leicester → starting ELO 1660.3194117647058
2026-05-02 05:23:39 | DEBUG    | __main__:171 — New team detected: Ipswich → starting ELO 1660.3194117647058
2026-05-02 05:23:39 | DEBUG    | __main__:171 — New team detected: Southampton → starting ELO 1660.3194117647058
2026-05-02 05:23:39 | DEBUG    | __main__:299 — EPL season 2425: regression applied, mean ELO = 1660.3
2026-05-02 05:23:40 | INFO     | __main__:247 —   Processing LIGUE_1: 2,411 matches ...
2026-05-02 05:23:41 | DEBUG    | __main__:171 — New team detected: Metz → starting ELO 1512.6566666666668
2026-05-02 05:23:41 | DEBUG    | __main__:171 — New team detected: Brest → starting ELO 1512.6566666666668
2026-05-02 05:23:41 | DEBUG    | __main__:299 — LIGUE_1 season 1920: regression applied, mean ELO = 1512.7
2026-05-02 05:23:41 | DEBUG    | __main__:171 — New team detected: Lorient → starting ELO 1529.8872222222221
2026-05-02 05:23:41 | DEBUG    | __main__:171 — New team detected: Lens → starting ELO 1529.8872222222221
2026-05-02 05:23:41 | DEBUG    | __main__:299 — LIGUE_1 season 2021: regression applied, mean ELO = 1529.9
2026-05-02 05:23:42 | DEBUG    | __main__:171 — New team detected: Troyes → starting ELO 1545.4577777777777
2026-05-02 05:23:42 | DEBUG    | __main__:171 — New team detected: Clermont → starting ELO 1545.4577777777777
2026-05-02 05:23:42 | DEBUG    | __main__:299 — LIGUE_1 season 2122: regression applied, mean ELO = 1545.5
2026-05-02 05:23:43 | DEBUG    | __main__:171 — New team detected: Auxerre → starting ELO 1564.8570588235295
2026-05-02 05:23:43 | DEBUG    | __main__:171 — New team detected: Toulouse → starting ELO 1564.8570588235295
2026-05-02 05:23:43 | DEBUG    | __main__:171 — New team detected: Ajaccio → starting ELO 1564.8570588235295
2026-05-02 05:23:43 | DEBUG    | __main__:299 — LIGUE_1 season 2223: regression applied, mean ELO = 1564.9
2026-05-02 05:23:44 | DEBUG    | __main__:171 — New team detected: Le Havre → starting ELO 1604.11375
2026-05-02 05:23:44 | DEBUG    | __main__:171 — New team detected: Metz → starting ELO 1604.11375
2026-05-02 05:23:44 | DEBUG    | __main__:299 — LIGUE_1 season 2324: regression applied, mean ELO = 1604.1
2026-05-02 05:23:44 | DEBUG    | __main__:171 — New team detected: Angers → starting ELO 1628.4313333333334
2026-05-02 05:23:44 | DEBUG    | __main__:171 — New team detected: St Etienne → starting ELO 1628.4313333333334
2026-05-02 05:23:44 | DEBUG    | __main__:171 — New team detected: Auxerre → starting ELO 1628.4313333333334
2026-05-02 05:23:44 | DEBUG    | __main__:299 — LIGUE_1 season 2425: regression applied, mean ELO = 1628.4
2026-05-02 05:23:45 | INFO     | __main__:247 —   Processing LA_LIGA: 2,660 matches ...
2026-05-02 05:23:45 | DEBUG    | __main__:171 — New team detected: Granada → starting ELO 1518.0670588235294
2026-05-02 05:23:45 | DEBUG    | __main__:171 — New team detected: Osasuna → starting ELO 1518.0670588235294
2026-05-02 05:23:45 | DEBUG    | __main__:171 — New team detected: Mallorca → starting ELO 1518.0670588235294
2026-05-02 05:23:45 | DEBUG    | __main__:299 — LA_LIGA season 1920: regression applied, mean ELO = 1518.1
2026-05-02 05:23:46 | DEBUG    | __main__:171 — New team detected: Cadiz → starting ELO 1536.1470588235295
2026-05-02 05:23:46 | DEBUG    | __main__:171 — New team detected: Huesca → starting ELO 1536.1470588235295
2026-05-02 05:23:46 | DEBUG    | __main__:171 — New team detected: Elche → starting ELO 1536.1470588235295
2026-05-02 05:23:46 | DEBUG    | __main__:299 — LA_LIGA season 2021: regression applied, mean ELO = 1536.1
2026-05-02 05:23:47 | DEBUG    | __main__:171 — New team detected: Espanol → starting ELO 1556.1882352941177
2026-05-02 05:23:47 | DEBUG    | __main__:171 — New team detected: Mallorca → starting ELO 1556.1882352941177
2026-05-02 05:23:47 | DEBUG    | __main__:171 — New team detected: Vallecano → starting ELO 1556.1882352941177
2026-05-02 05:23:47 | DEBUG    | __main__:299 — LA_LIGA season 2122: regression applied, mean ELO = 1556.2
2026-05-02 05:23:47 | DEBUG    | __main__:171 — New team detected: Girona → starting ELO 1572.3305882352943
2026-05-02 05:23:47 | DEBUG    | __main__:171 — New team detected: Valladolid → starting ELO 1572.3305882352943
2026-05-02 05:23:47 | DEBUG    | __main__:171 — New team detected: Almeria → starting ELO 1572.3305882352943
2026-05-02 05:23:47 | DEBUG    | __main__:299 — LA_LIGA season 2223: regression applied, mean ELO = 1572.3
2026-05-02 05:23:48 | DEBUG    | __main__:171 — New team detected: Las Palmas → starting ELO 1588.1517647058824
2026-05-02 05:23:48 | DEBUG    | __main__:171 — New team detected: Granada → starting ELO 1588.1517647058824
2026-05-02 05:23:48 | DEBUG    | __main__:171 — New team detected: Alaves → starting ELO 1588.1517647058824
2026-05-02 05:23:48 | DEBUG    | __main__:299 — LA_LIGA season 2324: regression applied, mean ELO = 1588.2
2026-05-02 05:23:49 | DEBUG    | __main__:171 — New team detected: Espanol → starting ELO 1612.0088235294118
2026-05-02 05:23:49 | DEBUG    | __main__:171 — New team detected: Leganes → starting ELO 1612.0088235294118
2026-05-02 05:23:49 | DEBUG    | __main__:171 — New team detected: Valladolid → starting ELO 1612.0088235294118
2026-05-02 05:23:49 | DEBUG    | __main__:299 — LA_LIGA season 2425: regression applied, mean ELO = 1612.0
2026-05-02 05:23:49 | INFO     | __main__:247 —   Processing SERIE_A: 2,660 matches ...
2026-05-02 05:23:50 | DEBUG    | __main__:171 — New team detected: Brescia → starting ELO 1521.3747058823528
2026-05-02 05:23:50 | DEBUG    | __main__:171 — New team detected: Lecce → starting ELO 1521.3747058823528
2026-05-02 05:23:50 | DEBUG    | __main__:171 — New team detected: Verona → starting ELO 1521.3747058823528
2026-05-02 05:23:50 | DEBUG    | __main__:299 — SERIE_A season 1920: regression applied, mean ELO = 1521.4
2026-05-02 05:23:51 | DEBUG    | __main__:171 — New team detected: Crotone → starting ELO 1550.8229411764705
2026-05-02 05:23:51 | DEBUG    | __main__:171 — New team detected: Spezia → starting ELO 1550.8229411764705
2026-05-02 05:23:51 | DEBUG    | __main__:171 — New team detected: Benevento → starting ELO 1550.8229411764705
2026-05-02 05:23:51 | DEBUG    | __main__:299 — SERIE_A season 2021: regression applied, mean ELO = 1550.8
2026-05-02 05:23:52 | DEBUG    | __main__:171 — New team detected: Empoli → starting ELO 1580.325882352941
2026-05-02 05:23:52 | DEBUG    | __main__:171 — New team detected: Venezia → starting ELO 1580.325882352941
2026-05-02 05:23:52 | DEBUG    | __main__:171 — New team detected: Salernitana → starting ELO 1580.325882352941
2026-05-02 05:23:52 | DEBUG    | __main__:299 — SERIE_A season 2122: regression applied, mean ELO = 1580.3
2026-05-02 05:23:52 | DEBUG    | __main__:171 — New team detected: Lecce → starting ELO 1603.0599999999997
2026-05-02 05:23:52 | DEBUG    | __main__:171 — New team detected: Monza → starting ELO 1603.0599999999997
2026-05-02 05:23:52 | DEBUG    | __main__:171 — New team detected: Cremonese → starting ELO 1603.0599999999997
2026-05-02 05:23:52 | DEBUG    | __main__:299 — SERIE_A season 2223: regression applied, mean ELO = 1603.1
2026-05-02 05:23:53 | DEBUG    | __main__:171 — New team detected: Cagliari → starting ELO 1628.280588235294
2026-05-02 05:23:53 | DEBUG    | __main__:171 — New team detected: Genoa → starting ELO 1628.280588235294
2026-05-02 05:23:53 | DEBUG    | __main__:171 — New team detected: Frosinone → starting ELO 1628.280588235294
2026-05-02 05:23:53 | DEBUG    | __main__:299 — SERIE_A season 2324: regression applied, mean ELO = 1628.3
2026-05-02 05:23:54 | DEBUG    | __main__:171 — New team detected: Como → starting ELO 1654.2523529411765
2026-05-02 05:23:54 | DEBUG    | __main__:171 — New team detected: Venezia → starting ELO 1654.2523529411765
2026-05-02 05:23:54 | DEBUG    | __main__:171 — New team detected: Parma → starting ELO 1654.2523529411765
2026-05-02 05:23:54 | DEBUG    | __main__:299 — SERIE_A season 2425: regression applied, mean ELO = 1654.3
2026-05-02 05:23:54 | SUCCESS  | __main__:229 — ELO ratings added: 14,255 matches processed
2026-05-02 05:23:54 | INFO     | __main__:560 — Current ELO leaderboard (EPL):
2026-05-02 05:23:56 | SUCCESS  | __main__:530 — Saved ELO-enriched DataFrame: /home/afshin/learning/files/data/processed/master_with_elo.parquet
2026-05-02 05:23:56 | SUCCESS  | __main__:565 — Done. ELO ratings saved to data/processed/master_with_elo.parquet
2026-05-02 05:28:56 | INFO     | __main__:413 — Starting download: 5 leagues × 7 seasons = 35 files
2026-05-02 05:28:56 | DEBUG    | __main__:114 — Cache hit: EPL_1819.csv — skipping download
2026-05-02 05:28:56 | DEBUG    | __main__:114 — Cache hit: EPL_1920.csv — skipping download
2026-05-02 05:28:56 | DEBUG    | __main__:114 — Cache hit: EPL_2021.csv — skipping download
2026-05-02 05:28:56 | DEBUG    | __main__:114 — Cache hit: EPL_2122.csv — skipping download
2026-05-02 05:28:56 | DEBUG    | __main__:114 — Cache hit: EPL_2223.csv — skipping download
2026-05-02 05:28:56 | DEBUG    | __main__:114 — Cache hit: EPL_2324.csv — skipping download
2026-05-02 05:28:56 | DEBUG    | __main__:114 — Cache hit: EPL_2425.csv — skipping download
2026-05-02 05:28:56 | DEBUG    | __main__:114 — Cache hit: ENG_CHAMP_1819.csv — skipping download
2026-05-02 05:28:56 | DEBUG    | __main__:114 — Cache hit: ENG_CHAMP_1920.csv — skipping download
2026-05-02 05:28:56 | DEBUG    | __main__:114 — Cache hit: ENG_CHAMP_2021.csv — skipping download
2026-05-02 05:28:56 | DEBUG    | __main__:114 — Cache hit: ENG_CHAMP_2122.csv — skipping download
2026-05-02 05:28:56 | DEBUG    | __main__:114 — Cache hit: ENG_CHAMP_2223.csv — skipping download
2026-05-02 05:28:56 | DEBUG    | __main__:114 — Cache hit: ENG_CHAMP_2324.csv — skipping download
2026-05-02 05:28:56 | DEBUG    | __main__:114 — Cache hit: ENG_CHAMP_2425.csv — skipping download
2026-05-02 05:28:56 | DEBUG    | __main__:114 — Cache hit: LA_LIGA_1819.csv — skipping download
2026-05-02 05:28:56 | DEBUG    | __main__:114 — Cache hit: LA_LIGA_1920.csv — skipping download
2026-05-02 05:28:56 | DEBUG    | __main__:114 — Cache hit: LA_LIGA_2021.csv — skipping download
2026-05-02 05:28:56 | DEBUG    | __main__:114 — Cache hit: LA_LIGA_2122.csv — skipping download
2026-05-02 05:28:56 | DEBUG    | __main__:114 — Cache hit: LA_LIGA_2223.csv — skipping download
2026-05-02 05:28:56 | DEBUG    | __main__:114 — Cache hit: LA_LIGA_2324.csv — skipping download
2026-05-02 05:28:56 | DEBUG    | __main__:114 — Cache hit: LA_LIGA_2425.csv — skipping download
2026-05-02 05:28:56 | DEBUG    | __main__:114 — Cache hit: SERIE_A_1819.csv — skipping download
2026-05-02 05:28:56 | DEBUG    | __main__:114 — Cache hit: SERIE_A_1920.csv — skipping download
2026-05-02 05:28:56 | DEBUG    | __main__:114 — Cache hit: SERIE_A_2021.csv — skipping download
2026-05-02 05:28:56 | DEBUG    | __main__:114 — Cache hit: SERIE_A_2122.csv — skipping download
2026-05-02 05:28:56 | DEBUG    | __main__:114 — Cache hit: SERIE_A_2223.csv — skipping download
2026-05-02 05:28:56 | DEBUG    | __main__:114 — Cache hit: SERIE_A_2324.csv — skipping download
2026-05-02 05:28:56 | DEBUG    | __main__:114 — Cache hit: SERIE_A_2425.csv — skipping download
2026-05-02 05:28:56 | DEBUG    | __main__:114 — Cache hit: LIGUE_1_1819.csv — skipping download
2026-05-02 05:28:56 | DEBUG    | __main__:114 — Cache hit: LIGUE_1_1920.csv — skipping download
2026-05-02 05:28:56 | DEBUG    | __main__:114 — Cache hit: LIGUE_1_2021.csv — skipping download
2026-05-02 05:28:56 | DEBUG    | __main__:114 — Cache hit: LIGUE_1_2122.csv — skipping download
2026-05-02 05:28:56 | DEBUG    | __main__:114 — Cache hit: LIGUE_1_2223.csv — skipping download
2026-05-02 05:28:56 | DEBUG    | __main__:114 — Cache hit: LIGUE_1_2324.csv — skipping download
2026-05-02 05:28:56 | DEBUG    | __main__:114 — Cache hit: LIGUE_1_2425.csv — skipping download
2026-05-02 05:28:56 | INFO     | __main__:425 — Download complete: 35/35 files successfully obtained
2026-05-02 05:28:56 | INFO     | __main__:462 — Parsing downloaded CSV files ...
2026-05-02 05:28:56 | DEBUG    | __main__:198 — Raw shape: (380, 62) — EPL_1819.csv
2026-05-02 05:28:56 | DEBUG    | __main__:265 — Parsed: 380 matches — EPL_1819.csv
2026-05-02 05:28:56 | DEBUG    | __main__:198 — Raw shape: (380, 106) — EPL_1920.csv
2026-05-02 05:28:56 | DEBUG    | __main__:265 — Parsed: 380 matches — EPL_1920.csv
2026-05-02 05:28:56 | DEBUG    | __main__:198 — Raw shape: (380, 106) — EPL_2021.csv
2026-05-02 05:28:56 | DEBUG    | __main__:265 — Parsed: 380 matches — EPL_2021.csv
2026-05-02 05:28:56 | DEBUG    | __main__:198 — Raw shape: (380, 106) — EPL_2122.csv
2026-05-02 05:28:56 | DEBUG    | __main__:265 — Parsed: 380 matches — EPL_2122.csv
2026-05-02 05:28:56 | DEBUG    | __main__:198 — Raw shape: (380, 106) — EPL_2223.csv
2026-05-02 05:28:56 | DEBUG    | __main__:265 — Parsed: 380 matches — EPL_2223.csv
2026-05-02 05:28:56 | DEBUG    | __main__:198 — Raw shape: (380, 106) — EPL_2324.csv
2026-05-02 05:28:56 | DEBUG    | __main__:265 — Parsed: 380 matches — EPL_2324.csv
2026-05-02 05:28:56 | DEBUG    | __main__:198 — Raw shape: (380, 120) — EPL_2425.csv
2026-05-02 05:28:56 | DEBUG    | __main__:265 — Parsed: 380 matches — EPL_2425.csv
2026-05-02 05:28:56 | DEBUG    | __main__:198 — Raw shape: (552, 62) — ENG_CHAMP_1819.csv
2026-05-02 05:28:57 | DEBUG    | __main__:265 — Parsed: 552 matches — ENG_CHAMP_1819.csv
2026-05-02 05:28:57 | DEBUG    | __main__:198 — Raw shape: (552, 106) — ENG_CHAMP_1920.csv
2026-05-02 05:28:57 | DEBUG    | __main__:265 — Parsed: 552 matches — ENG_CHAMP_1920.csv
2026-05-02 05:28:57 | DEBUG    | __main__:198 — Raw shape: (552, 106) — ENG_CHAMP_2021.csv
2026-05-02 05:28:57 | DEBUG    | __main__:265 — Parsed: 552 matches — ENG_CHAMP_2021.csv
2026-05-02 05:28:57 | DEBUG    | __main__:198 — Raw shape: (552, 106) — ENG_CHAMP_2122.csv
2026-05-02 05:28:57 | DEBUG    | __main__:265 — Parsed: 552 matches — ENG_CHAMP_2122.csv
2026-05-02 05:28:57 | DEBUG    | __main__:198 — Raw shape: (552, 106) — ENG_CHAMP_2223.csv
2026-05-02 05:28:57 | DEBUG    | __main__:265 — Parsed: 552 matches — ENG_CHAMP_2223.csv
2026-05-02 05:28:57 | DEBUG    | __main__:198 — Raw shape: (552, 106) — ENG_CHAMP_2324.csv
2026-05-02 05:28:57 | DEBUG    | __main__:265 — Parsed: 552 matches — ENG_CHAMP_2324.csv
2026-05-02 05:28:57 | DEBUG    | __main__:198 — Raw shape: (552, 120) — ENG_CHAMP_2425.csv
2026-05-02 05:28:57 | DEBUG    | __main__:265 — Parsed: 552 matches — ENG_CHAMP_2425.csv
2026-05-02 05:28:57 | DEBUG    | __main__:198 — Raw shape: (380, 61) — LA_LIGA_1819.csv
2026-05-02 05:28:57 | DEBUG    | __main__:265 — Parsed: 380 matches — LA_LIGA_1819.csv
2026-05-02 05:28:57 | DEBUG    | __main__:198 — Raw shape: (380, 105) — LA_LIGA_1920.csv
2026-05-02 05:28:57 | DEBUG    | __main__:265 — Parsed: 380 matches — LA_LIGA_1920.csv
2026-05-02 05:28:57 | DEBUG    | __main__:198 — Raw shape: (380, 105) — LA_LIGA_2021.csv
2026-05-02 05:28:57 | DEBUG    | __main__:265 — Parsed: 380 matches — LA_LIGA_2021.csv
2026-05-02 05:28:57 | DEBUG    | __main__:198 — Raw shape: (380, 105) — LA_LIGA_2122.csv
2026-05-02 05:28:57 | DEBUG    | __main__:265 — Parsed: 380 matches — LA_LIGA_2122.csv
2026-05-02 05:28:57 | DEBUG    | __main__:198 — Raw shape: (380, 105) — LA_LIGA_2223.csv
2026-05-02 05:28:57 | DEBUG    | __main__:265 — Parsed: 380 matches — LA_LIGA_2223.csv
2026-05-02 05:28:57 | DEBUG    | __main__:198 — Raw shape: (380, 105) — LA_LIGA_2324.csv
2026-05-02 05:28:58 | DEBUG    | __main__:265 — Parsed: 380 matches — LA_LIGA_2324.csv
2026-05-02 05:28:58 | DEBUG    | __main__:198 — Raw shape: (380, 119) — LA_LIGA_2425.csv
2026-05-02 05:28:58 | DEBUG    | __main__:265 — Parsed: 380 matches — LA_LIGA_2425.csv
2026-05-02 05:28:58 | DEBUG    | __main__:198 — Raw shape: (380, 61) — SERIE_A_1819.csv
2026-05-02 05:28:58 | DEBUG    | __main__:265 — Parsed: 380 matches — SERIE_A_1819.csv
2026-05-02 05:28:58 | DEBUG    | __main__:198 — Raw shape: (380, 105) — SERIE_A_1920.csv
2026-05-02 05:28:58 | DEBUG    | __main__:265 — Parsed: 380 matches — SERIE_A_1920.csv
2026-05-02 05:28:58 | DEBUG    | __main__:198 — Raw shape: (380, 105) — SERIE_A_2021.csv
2026-05-02 05:28:58 | DEBUG    | __main__:265 — Parsed: 380 matches — SERIE_A_2021.csv
2026-05-02 05:28:58 | DEBUG    | __main__:198 — Raw shape: (380, 105) — SERIE_A_2122.csv
2026-05-02 05:28:58 | DEBUG    | __main__:265 — Parsed: 380 matches — SERIE_A_2122.csv
2026-05-02 05:28:58 | DEBUG    | __main__:198 — Raw shape: (380, 105) — SERIE_A_2223.csv
2026-05-02 05:28:58 | DEBUG    | __main__:265 — Parsed: 380 matches — SERIE_A_2223.csv
2026-05-02 05:28:58 | DEBUG    | __main__:198 — Raw shape: (380, 105) — SERIE_A_2324.csv
2026-05-02 05:28:58 | DEBUG    | __main__:265 — Parsed: 380 matches — SERIE_A_2324.csv
2026-05-02 05:28:58 | DEBUG    | __main__:198 — Raw shape: (380, 119) — SERIE_A_2425.csv
2026-05-02 05:28:58 | DEBUG    | __main__:265 — Parsed: 380 matches — SERIE_A_2425.csv
2026-05-02 05:28:58 | DEBUG    | __main__:198 — Raw shape: (380, 61) — LIGUE_1_1819.csv
2026-05-02 05:28:58 | DEBUG    | __main__:265 — Parsed: 380 matches — LIGUE_1_1819.csv
2026-05-02 05:28:58 | DEBUG    | __main__:198 — Raw shape: (279, 105) — LIGUE_1_1920.csv
2026-05-02 05:28:58 | DEBUG    | __main__:265 — Parsed: 279 matches — LIGUE_1_1920.csv
2026-05-02 05:28:58 | DEBUG    | __main__:198 — Raw shape: (380, 105) — LIGUE_1_2021.csv
2026-05-02 05:28:58 | DEBUG    | __main__:265 — Parsed: 380 matches — LIGUE_1_2021.csv
2026-05-02 05:28:58 | DEBUG    | __main__:198 — Raw shape: (380, 105) — LIGUE_1_2122.csv
2026-05-02 05:28:58 | DEBUG    | __main__:265 — Parsed: 380 matches — LIGUE_1_2122.csv
2026-05-02 05:28:58 | DEBUG    | __main__:198 — Raw shape: (380, 105) — LIGUE_1_2223.csv
2026-05-02 05:28:58 | DEBUG    | __main__:265 — Parsed: 380 matches — LIGUE_1_2223.csv
2026-05-02 05:28:58 | DEBUG    | __main__:198 — Raw shape: (306, 105) — LIGUE_1_2324.csv
2026-05-02 05:28:58 | DEBUG    | __main__:265 — Parsed: 306 matches — LIGUE_1_2324.csv
2026-05-02 05:28:58 | DEBUG    | __main__:198 — Raw shape: (306, 119) — LIGUE_1_2425.csv
2026-05-02 05:28:58 | DEBUG    | __main__:265 — Parsed: 306 matches — LIGUE_1_2425.csv
2026-05-02 05:28:58 | INFO     | __main__:486 — Merging 35 DataFrames ...
2026-05-02 05:28:59 | INFO     | __main__:494 — Deriving target variables (BTTS, Over 2.5, Corners) ...
2026-05-02 05:28:59 | INFO     | __main__:498 — Calculating fair odds (removing bookmaker overround) ...
2026-05-02 05:28:59 | DEBUG    | __main__:381 — Fair odds calculated for 14,249 matches. Avg overround: 1.0528
2026-05-02 05:28:59 | INFO     | __main__:572 — ============================================================
2026-05-02 05:28:59 | INFO     | __main__:573 — DATA QUALITY REPORT
2026-05-02 05:28:59 | INFO     | __main__:574 — ============================================================
2026-05-02 05:28:59 | INFO     | __main__:575 — Total matches      : 14,255
2026-05-02 05:28:59 | INFO     | __main__:576 — Date range         : 2018-08-03 → 2025-05-25
2026-05-02 05:28:59 | INFO     | __main__:577 — Columns            : 169
2026-05-02 05:28:59 | INFO     | __main__:578 — Leagues            : 5
2026-05-02 05:28:59 | INFO     | __main__:579 — Seasons            : ['1819', '1920', '2021', '2122', '2223', '2324', '2425']
2026-05-02 05:28:59 | INFO     | __main__:580 — 
2026-05-02 05:28:59 | INFO     | __main__:586 —   ENG_CHAMP    3,864 matches | 43 teams | 7 seasons
2026-05-02 05:28:59 | INFO     | __main__:586 —   EPL          2,660 matches | 29 teams | 7 seasons
2026-05-02 05:28:59 | INFO     | __main__:586 —   LA_LIGA      2,660 matches | 27 teams | 7 seasons
2026-05-02 05:28:59 | INFO     | __main__:586 —   LIGUE_1      2,411 matches | 29 teams | 7 seasons
2026-05-02 05:28:59 | INFO     | __main__:586 —   SERIE_A      2,660 matches | 31 teams | 7 seasons
2026-05-02 05:28:59 | INFO     | __main__:592 — 
2026-05-02 05:28:59 | INFO     | __main__:598 — Columns with missing values:
2026-05-02 05:28:59 | INFO     | __main__:601 —   1XBA                      12,305 (86.3%)
2026-05-02 05:28:59 | INFO     | __main__:601 —   1XBD                      12,305 (86.3%)
2026-05-02 05:28:59 | INFO     | __main__:601 —   1XBH                      12,305 (86.3%)
2026-05-02 05:28:59 | INFO     | __main__:601 —   BFEAHH                    12,287 (86.2%)
2026-05-02 05:28:59 | INFO     | __main__:601 —   BFEAHA                    12,287 (86.2%)
2026-05-02 05:28:59 | INFO     | __main__:601 —   BFE<2.5                   12,282 (86.2%)
2026-05-02 05:28:59 | INFO     | __main__:601 —   BFE>2.5                   12,282 (86.2%)
2026-05-02 05:28:59 | INFO     | __main__:601 —   BFH                       12,259 (86.0%)
2026-05-02 05:28:59 | INFO     | __main__:601 —   BFD                       12,259 (86.0%)
2026-05-02 05:28:59 | INFO     | __main__:601 —   BFA                       12,259 (86.0%)
2026-05-02 05:28:59 | INFO     | __main__:601 —   1XBCA                     12,257 (86.0%)
2026-05-02 05:28:59 | INFO     | __main__:601 —   BFCA                      12,257 (86.0%)
2026-05-02 05:28:59 | INFO     | __main__:601 —   BFCH                      12,257 (86.0%)
2026-05-02 05:28:59 | INFO     | __main__:601 —   1XBCH                     12,257 (86.0%)
2026-05-02 05:28:59 | INFO     | __main__:601 —   1XBCD                     12,257 (86.0%)
2026-05-02 05:28:59 | INFO     | __main__:601 —   BFCD                      12,257 (86.0%)
2026-05-02 05:28:59 | INFO     | __main__:601 —   BFECH                     12,257 (86.0%)
2026-05-02 05:28:59 | INFO     | __main__:601 —   BFECAHA                   12,257 (86.0%)
2026-05-02 05:28:59 | INFO     | __main__:601 —   BFECD                     12,257 (86.0%)
2026-05-02 05:28:59 | INFO     | __main__:601 —   BFEA                      12,257 (86.0%)
2026-05-02 05:28:59 | INFO     | __main__:601 —   BFEH                      12,257 (86.0%)
2026-05-02 05:28:59 | INFO     | __main__:601 —   BFED                      12,257 (86.0%)
2026-05-02 05:28:59 | INFO     | __main__:601 —   BFECAHH                   12,257 (86.0%)
2026-05-02 05:28:59 | INFO     | __main__:601 —   BFEC<2.5                  12,257 (86.0%)
2026-05-02 05:28:59 | INFO     | __main__:601 —   BFEC>2.5                  12,257 (86.0%)
2026-05-02 05:28:59 | INFO     | __main__:601 —   BFECA                     12,257 (86.0%)
2026-05-02 05:28:59 | INFO     | __main__:601 —   BbAH                      12,183 (85.5%)
2026-05-02 05:28:59 | INFO     | __main__:601 —   BbAv<2.5                  12,183 (85.5%)
2026-05-02 05:28:59 | INFO     | __main__:601 —   BbMxD                     12,183 (85.5%)
2026-05-02 05:28:59 | INFO     | __main__:601 —   BbMx<2.5                  12,183 (85.5%)
2026-05-02 05:28:59 | INFO     | __main__:601 —   BbAv>2.5                  12,183 (85.5%)
2026-05-02 05:28:59 | INFO     | __main__:601 —   BbMx>2.5                  12,183 (85.5%)
2026-05-02 05:28:59 | INFO     | __main__:601 —   BbOU                      12,183 (85.5%)
2026-05-02 05:28:59 | INFO     | __main__:601 —   BbAvA                     12,183 (85.5%)
2026-05-02 05:28:59 | INFO     | __main__:601 —   BbMxA                     12,183 (85.5%)
2026-05-02 05:28:59 | INFO     | __main__:601 —   BbAvD                     12,183 (85.5%)
2026-05-02 05:28:59 | INFO     | __main__:601 —   BbAHh                     12,183 (85.5%)
2026-05-02 05:28:59 | INFO     | __main__:601 —   BbAvH                     12,183 (85.5%)
2026-05-02 05:28:59 | INFO     | __main__:601 —   BbMxH                     12,183 (85.5%)
2026-05-02 05:28:59 | INFO     | __main__:601 —   Bb1X2                     12,183 (85.5%)
2026-05-02 05:28:59 | INFO     | __main__:601 —   BbAvAHH                   12,183 (85.5%)
2026-05-02 05:28:59 | INFO     | __main__:601 —   BbMxAHA                   12,183 (85.5%)
2026-05-02 05:28:59 | INFO     | __main__:601 —   BbAvAHA                   12,183 (85.5%)
2026-05-02 05:28:59 | INFO     | __main__:601 —   BbMxAHH                   12,183 (85.5%)
2026-05-02 05:28:59 | INFO     | __main__:601 —   referee                    7,732 (54.2%)
2026-05-02 05:28:59 | INFO     | __main__:601 —   IWCD                       5,056 (35.5%)
2026-05-02 05:28:59 | INFO     | __main__:601 —   IWCH                       5,056 (35.5%)
2026-05-02 05:28:59 | INFO     | __main__:601 —   IWCA                       5,056 (35.5%)
2026-05-02 05:28:59 | INFO     | __main__:601 —   VCCH                       4,070 (28.6%)
2026-05-02 05:28:59 | INFO     | __main__:601 —   VCCD                       4,070 (28.6%)
2026-05-02 05:28:59 | INFO     | __main__:601 —   VCCA                       4,070 (28.6%)
2026-05-02 05:28:59 | INFO     | __main__:601 —   IWA                        2,977 (20.9%)
2026-05-02 05:28:59 | INFO     | __main__:601 —   IWD                        2,977 (20.9%)
2026-05-02 05:28:59 | INFO     | __main__:601 —   IWH                        2,977 (20.9%)
2026-05-02 05:28:59 | INFO     | __main__:601 —   BWCH                       2,862 (20.1%)
2026-05-02 05:28:59 | INFO     | __main__:601 —   BWCD                       2,862 (20.1%)
2026-05-02 05:28:59 | INFO     | __main__:601 —   BWCA                       2,862 (20.1%)
2026-05-02 05:28:59 | INFO     | __main__:601 —   WHCD                       2,524 (17.7%)
2026-05-02 05:28:59 | INFO     | __main__:601 —   WHCH                       2,524 (17.7%)
2026-05-02 05:28:59 | INFO     | __main__:601 —   WHCA                       2,524 (17.7%)
2026-05-02 05:28:59 | INFO     | __main__:601 —   P<2.5                      2,107 (14.8%)
2026-05-02 05:28:59 | INFO     | __main__:601 —   P>2.5                      2,107 (14.8%)
2026-05-02 05:28:59 | INFO     | __main__:601 —   PC<2.5                     2,092 (14.7%)
2026-05-02 05:28:59 | INFO     | __main__:601 —   PC>2.5                     2,092 (14.7%)
2026-05-02 05:28:59 | INFO     | __main__:601 —   B365AHH                    2,089 (14.7%)
2026-05-02 05:28:59 | INFO     | __main__:601 —   B365AHA                    2,089 (14.7%)
2026-05-02 05:28:59 | INFO     | __main__:601 —   PAHH                       2,084 (14.6%)
2026-05-02 05:28:59 | INFO     | __main__:601 —   PAHA                       2,084 (14.6%)
2026-05-02 05:28:59 | INFO     | __main__:601 —   odds_over_25               2,082 (14.6%)
2026-05-02 05:28:59 | INFO     | __main__:601 —   odds_under_25              2,082 (14.6%)
2026-05-02 05:28:59 | INFO     | __main__:601 —   AvgAHH                     2,074 (14.5%)
2026-05-02 05:28:59 | INFO     | __main__:601 —   PCAHA                      2,074 (14.5%)
2026-05-02 05:28:59 | INFO     | __main__:601 —   PCAHH                      2,074 (14.5%)
2026-05-02 05:28:59 | INFO     | __main__:601 —   B365CAHA                   2,074 (14.5%)
2026-05-02 05:28:59 | INFO     | __main__:601 —   B365CAHH                   2,074 (14.5%)
2026-05-02 05:28:59 | INFO     | __main__:601 —   AvgAHA                     2,074 (14.5%)
2026-05-02 05:28:59 | INFO     | __main__:601 —   MaxAHH                     2,074 (14.5%)
2026-05-02 05:28:59 | INFO     | __main__:601 —   MaxAHA                     2,074 (14.5%)
2026-05-02 05:28:59 | INFO     | __main__:601 —   AHh                        2,074 (14.5%)
2026-05-02 05:28:59 | INFO     | __main__:601 —   Max>2.5                    2,074 (14.5%)
2026-05-02 05:28:59 | INFO     | __main__:601 —   Max<2.5                    2,074 (14.5%)
2026-05-02 05:28:59 | INFO     | __main__:601 —   Avg>2.5                    2,074 (14.5%)
2026-05-02 05:28:59 | INFO     | __main__:601 —   Avg<2.5                    2,074 (14.5%)
2026-05-02 05:28:59 | INFO     | __main__:601 —   MaxD                       2,073 (14.5%)
2026-05-02 05:28:59 | INFO     | __main__:601 —   B365CH                     2,073 (14.5%)
2026-05-02 05:28:59 | INFO     | __main__:601 —   B365C>2.5                  2,073 (14.5%)
2026-05-02 05:28:59 | INFO     | __main__:601 —   B365CA                     2,073 (14.5%)
2026-05-02 05:28:59 | INFO     | __main__:601 —   MaxH                       2,073 (14.5%)
2026-05-02 05:28:59 | INFO     | __main__:601 —   MaxA                       2,073 (14.5%)
2026-05-02 05:28:59 | INFO     | __main__:601 —   AvgH                       2,073 (14.5%)
2026-05-02 05:28:59 | INFO     | __main__:601 —   B365CD                     2,073 (14.5%)
2026-05-02 05:28:59 | INFO     | __main__:601 —   AvgD                       2,073 (14.5%)
2026-05-02 05:28:59 | INFO     | __main__:601 —   AvgA                       2,073 (14.5%)
2026-05-02 05:28:59 | INFO     | __main__:601 —   MaxCAHH                    2,073 (14.5%)
2026-05-02 05:28:59 | INFO     | __main__:601 —   MaxCAHA                    2,073 (14.5%)
2026-05-02 05:28:59 | INFO     | __main__:601 —   B365C<2.5                  2,073 (14.5%)
2026-05-02 05:28:59 | INFO     | __main__:601 —   AHCh                       2,072 (14.5%)
2026-05-02 05:28:59 | INFO     | __main__:601 —   AvgC<2.5                   2,072 (14.5%)
2026-05-02 05:28:59 | INFO     | __main__:601 —   AvgC>2.5                   2,072 (14.5%)
2026-05-02 05:28:59 | INFO     | __main__:601 —   MaxC>2.5                   2,072 (14.5%)
2026-05-02 05:28:59 | INFO     | __main__:601 —   AvgCAHH                    2,072 (14.5%)
2026-05-02 05:28:59 | INFO     | __main__:601 —   AvgCAHA                    2,072 (14.5%)
2026-05-02 05:28:59 | INFO     | __main__:601 —   MaxC<2.5                   2,072 (14.5%)
2026-05-02 05:28:59 | INFO     | __main__:601 —   AvgCA                      2,072 (14.5%)
2026-05-02 05:28:59 | INFO     | __main__:601 —   MaxCH                      2,072 (14.5%)
2026-05-02 05:28:59 | INFO     | __main__:601 —   Time                       2,072 (14.5%)
2026-05-02 05:28:59 | INFO     | __main__:601 —   AvgCD                      2,072 (14.5%)
2026-05-02 05:28:59 | INFO     | __main__:601 —   MaxCD                      2,072 (14.5%)
2026-05-02 05:28:59 | INFO     | __main__:601 —   MaxCA                      2,072 (14.5%)
2026-05-02 05:28:59 | INFO     | __main__:601 —   AvgCH                      2,072 (14.5%)
2026-05-02 05:28:59 | INFO     | __main__:601 —   VCA                        2,003 (14.1%)
2026-05-02 05:28:59 | INFO     | __main__:601 —   VCH                        2,003 (14.1%)
2026-05-02 05:28:59 | INFO     | __main__:601 —   VCD                        2,003 (14.1%)
2026-05-02 05:28:59 | INFO     | __main__:601 —   BWH                          771 (5.4%)
2026-05-02 05:28:59 | INFO     | __main__:601 —   BWD                          771 (5.4%)
2026-05-02 05:28:59 | INFO     | __main__:601 —   BWA                          771 (5.4%)
2026-05-02 05:28:59 | INFO     | __main__:601 —   WHA                          458 (3.2%)
2026-05-02 05:28:59 | INFO     | __main__:601 —   WHD                          458 (3.2%)
2026-05-02 05:28:59 | INFO     | __main__:601 —   WHH                          458 (3.2%)
2026-05-02 05:28:59 | INFO     | __main__:601 —   PSH                           12 (0.1%)
2026-05-02 05:28:59 | INFO     | __main__:601 —   PSA                           12 (0.1%)
2026-05-02 05:28:59 | INFO     | __main__:601 —   PSD                           12 (0.1%)
2026-05-02 05:28:59 | INFO     | __main__:601 —   implied_prob_home              6 (0.0%)
2026-05-02 05:28:59 | INFO     | __main__:601 —   implied_prob_draw              6 (0.0%)
2026-05-02 05:28:59 | INFO     | __main__:601 —   implied_prob_away              6 (0.0%)
2026-05-02 05:28:59 | INFO     | __main__:601 —   overround                      6 (0.0%)
2026-05-02 05:28:59 | INFO     | __main__:601 —   fair_prob_home                 6 (0.0%)
2026-05-02 05:28:59 | INFO     | __main__:601 —   fair_prob_draw                 6 (0.0%)
2026-05-02 05:28:59 | INFO     | __main__:601 —   fair_prob_away                 6 (0.0%)
2026-05-02 05:28:59 | INFO     | __main__:601 —   odds_away                      5 (0.0%)
2026-05-02 05:28:59 | INFO     | __main__:601 —   odds_draw                      5 (0.0%)
2026-05-02 05:28:59 | INFO     | __main__:601 —   odds_home                      5 (0.0%)
2026-05-02 05:28:59 | INFO     | __main__:601 —   PSCD                           2 (0.0%)
2026-05-02 05:28:59 | INFO     | __main__:601 —   PSCH                           2 (0.0%)
2026-05-02 05:28:59 | INFO     | __main__:601 —   PSCA                           2 (0.0%)
2026-05-02 05:28:59 | INFO     | __main__:601 —   ht_away_goals                  1 (0.0%)
2026-05-02 05:28:59 | INFO     | __main__:601 —   total_corners                  1 (0.0%)
2026-05-02 05:28:59 | INFO     | __main__:601 —   ht_result                      1 (0.0%)
2026-05-02 05:28:59 | INFO     | __main__:601 —   home_shots                     1 (0.0%)
2026-05-02 05:28:59 | INFO     | __main__:601 —   away_shots                     1 (0.0%)
2026-05-02 05:28:59 | INFO     | __main__:601 —   home_shots_ot                  1 (0.0%)
2026-05-02 05:28:59 | INFO     | __main__:601 —   away_shots_ot                  1 (0.0%)
2026-05-02 05:28:59 | INFO     | __main__:601 —   HF                             1 (0.0%)
2026-05-02 05:28:59 | INFO     | __main__:601 —   away_corners                   1 (0.0%)
2026-05-02 05:28:59 | INFO     | __main__:601 —   AF                             1 (0.0%)
2026-05-02 05:28:59 | INFO     | __main__:601 —   home_corners                   1 (0.0%)
2026-05-02 05:28:59 | INFO     | __main__:601 —   home_yellows                   1 (0.0%)
2026-05-02 05:28:59 | INFO     | __main__:601 —   away_yellows                   1 (0.0%)
2026-05-02 05:28:59 | INFO     | __main__:601 —   home_reds                      1 (0.0%)
2026-05-02 05:28:59 | INFO     | __main__:601 —   away_reds                      1 (0.0%)
2026-05-02 05:28:59 | INFO     | __main__:601 —   ht_home_goals                  1 (0.0%)
2026-05-02 05:28:59 | INFO     | __main__:605 — 
2026-05-02 05:28:59 | INFO     | __main__:611 — Result distribution:
2026-05-02 05:28:59 | INFO     | __main__:615 —   Home Win (H)        6,152 (43.2%)
2026-05-02 05:28:59 | INFO     | __main__:615 —   Draw (D)            3,667 (25.7%)
2026-05-02 05:28:59 | INFO     | __main__:615 —   Away Win (A)        4,436 (31.1%)
2026-05-02 05:28:59 | INFO     | __main__:619 — BTTS Yes rate      : 52.5%
2026-05-02 05:28:59 | INFO     | __main__:623 — Over 2.5 rate      : 50.2%
2026-05-02 05:28:59 | INFO     | __main__:627 — Bet365 odds coverage: 100.0%
2026-05-02 05:28:59 | INFO     | __main__:629 — ============================================================
2026-05-02 05:28:59 | SUCCESS  | __main__:504 — Master DataFrame built: 14,255 matches, 169 columns
2026-05-02 05:29:00 | SUCCESS  | __main__:522 — Saved master: /home/afshin/learning/files/data/processed/master.parquet (1704.2 KB)
2026-05-02 05:29:00 | DEBUG    | __main__:529 — Saved ENG_CHAMP: 3,864 matches → ENG_CHAMP_master.parquet
2026-05-02 05:29:00 | DEBUG    | __main__:529 — Saved EPL: 2,660 matches → EPL_master.parquet
2026-05-02 05:29:00 | DEBUG    | __main__:529 — Saved LIGUE_1: 2,411 matches → LIGUE_1_master.parquet
2026-05-02 05:29:00 | DEBUG    | __main__:529 — Saved LA_LIGA: 2,660 matches → LA_LIGA_master.parquet
2026-05-02 05:29:00 | DEBUG    | __main__:529 — Saved SERIE_A: 2,660 matches → SERIE_A_master.parquet
2026-05-02 05:29:00 | SUCCESS  | __main__:690 — All done. Run notebook 01_data_exploration.ipynb to explore the data.
2026-05-02 05:33:17 | INFO     | src.data_loader:559 — Loaded: 14,255 matches from master.parquet
2026-05-02 05:33:17 | INFO     | src.data_loader:572 — ============================================================
2026-05-02 05:33:17 | INFO     | src.data_loader:573 — DATA QUALITY REPORT
2026-05-02 05:33:17 | INFO     | src.data_loader:574 — ============================================================
2026-05-02 05:33:17 | INFO     | src.data_loader:575 — Total matches      : 14,255
2026-05-02 05:33:17 | INFO     | src.data_loader:576 — Date range         : 2018-08-03 → 2025-05-25
2026-05-02 05:33:17 | INFO     | src.data_loader:577 — Columns            : 169
2026-05-02 05:33:17 | INFO     | src.data_loader:578 — Leagues            : 5
2026-05-02 05:33:17 | INFO     | src.data_loader:579 — Seasons            : ['1819', '1920', '2021', '2122', '2223', '2324', '2425']
2026-05-02 05:33:17 | INFO     | src.data_loader:580 — 
2026-05-02 05:33:17 | INFO     | src.data_loader:586 —   ENG_CHAMP    3,864 matches | 43 teams | 7 seasons
2026-05-02 05:33:17 | INFO     | src.data_loader:586 —   EPL          2,660 matches | 29 teams | 7 seasons
2026-05-02 05:33:17 | INFO     | src.data_loader:586 —   LA_LIGA      2,660 matches | 27 teams | 7 seasons
2026-05-02 05:33:18 | INFO     | src.data_loader:586 —   LIGUE_1      2,411 matches | 29 teams | 7 seasons
2026-05-02 05:33:18 | INFO     | src.data_loader:586 —   SERIE_A      2,660 matches | 31 teams | 7 seasons
2026-05-02 05:33:18 | INFO     | src.data_loader:592 — 
2026-05-02 05:33:18 | INFO     | src.data_loader:598 — Columns with missing values:
2026-05-02 05:33:18 | INFO     | src.data_loader:601 —   1XBA                      12,305 (86.3%)
2026-05-02 05:33:18 | INFO     | src.data_loader:601 —   1XBD                      12,305 (86.3%)
2026-05-02 05:33:18 | INFO     | src.data_loader:601 —   1XBH                      12,305 (86.3%)
2026-05-02 05:33:18 | INFO     | src.data_loader:601 —   BFEAHH                    12,287 (86.2%)
2026-05-02 05:33:18 | INFO     | src.data_loader:601 —   BFEAHA                    12,287 (86.2%)
2026-05-02 05:33:18 | INFO     | src.data_loader:601 —   BFE<2.5                   12,282 (86.2%)
2026-05-02 05:33:18 | INFO     | src.data_loader:601 —   BFE>2.5                   12,282 (86.2%)
2026-05-02 05:33:18 | INFO     | src.data_loader:601 —   BFH                       12,259 (86.0%)
2026-05-02 05:33:18 | INFO     | src.data_loader:601 —   BFD                       12,259 (86.0%)
2026-05-02 05:33:18 | INFO     | src.data_loader:601 —   BFA                       12,259 (86.0%)
2026-05-02 05:33:18 | INFO     | src.data_loader:601 —   1XBCA                     12,257 (86.0%)
2026-05-02 05:33:18 | INFO     | src.data_loader:601 —   BFCA                      12,257 (86.0%)
2026-05-02 05:33:18 | INFO     | src.data_loader:601 —   BFCH                      12,257 (86.0%)
2026-05-02 05:33:18 | INFO     | src.data_loader:601 —   1XBCH                     12,257 (86.0%)
2026-05-02 05:33:18 | INFO     | src.data_loader:601 —   1XBCD                     12,257 (86.0%)
2026-05-02 05:33:18 | INFO     | src.data_loader:601 —   BFCD                      12,257 (86.0%)
2026-05-02 05:33:18 | INFO     | src.data_loader:601 —   BFECH                     12,257 (86.0%)
2026-05-02 05:33:18 | INFO     | src.data_loader:601 —   BFECAHA                   12,257 (86.0%)
2026-05-02 05:33:18 | INFO     | src.data_loader:601 —   BFECD                     12,257 (86.0%)
2026-05-02 05:33:18 | INFO     | src.data_loader:601 —   BFEA                      12,257 (86.0%)
2026-05-02 05:33:18 | INFO     | src.data_loader:601 —   BFEH                      12,257 (86.0%)
2026-05-02 05:33:18 | INFO     | src.data_loader:601 —   BFED                      12,257 (86.0%)
2026-05-02 05:33:18 | INFO     | src.data_loader:601 —   BFECAHH                   12,257 (86.0%)
2026-05-02 05:33:18 | INFO     | src.data_loader:601 —   BFEC<2.5                  12,257 (86.0%)
2026-05-02 05:33:18 | INFO     | src.data_loader:601 —   BFEC>2.5                  12,257 (86.0%)
2026-05-02 05:33:18 | INFO     | src.data_loader:601 —   BFECA                     12,257 (86.0%)
2026-05-02 05:33:18 | INFO     | src.data_loader:601 —   BbAH                      12,183 (85.5%)
2026-05-02 05:33:18 | INFO     | src.data_loader:601 —   BbAv<2.5                  12,183 (85.5%)
2026-05-02 05:33:18 | INFO     | src.data_loader:601 —   BbMxD                     12,183 (85.5%)
2026-05-02 05:33:18 | INFO     | src.data_loader:601 —   BbMx<2.5                  12,183 (85.5%)
2026-05-02 05:33:18 | INFO     | src.data_loader:601 —   BbAv>2.5                  12,183 (85.5%)
2026-05-02 05:33:18 | INFO     | src.data_loader:601 —   BbMx>2.5                  12,183 (85.5%)
2026-05-02 05:33:18 | INFO     | src.data_loader:601 —   BbOU                      12,183 (85.5%)
2026-05-02 05:33:18 | INFO     | src.data_loader:601 —   BbAvA                     12,183 (85.5%)
2026-05-02 05:33:18 | INFO     | src.data_loader:601 —   BbMxA                     12,183 (85.5%)
2026-05-02 05:33:18 | INFO     | src.data_loader:601 —   BbAvD                     12,183 (85.5%)
2026-05-02 05:33:18 | INFO     | src.data_loader:601 —   BbAHh                     12,183 (85.5%)
2026-05-02 05:33:18 | INFO     | src.data_loader:601 —   BbAvH                     12,183 (85.5%)
2026-05-02 05:33:18 | INFO     | src.data_loader:601 —   BbMxH                     12,183 (85.5%)
2026-05-02 05:33:18 | INFO     | src.data_loader:601 —   Bb1X2                     12,183 (85.5%)
2026-05-02 05:33:18 | INFO     | src.data_loader:601 —   BbAvAHH                   12,183 (85.5%)
2026-05-02 05:33:18 | INFO     | src.data_loader:601 —   BbMxAHA                   12,183 (85.5%)
2026-05-02 05:33:18 | INFO     | src.data_loader:601 —   BbAvAHA                   12,183 (85.5%)
2026-05-02 05:33:18 | INFO     | src.data_loader:601 —   BbMxAHH                   12,183 (85.5%)
2026-05-02 05:33:18 | INFO     | src.data_loader:601 —   referee                    7,732 (54.2%)
2026-05-02 05:33:18 | INFO     | src.data_loader:601 —   IWCD                       5,056 (35.5%)
2026-05-02 05:33:18 | INFO     | src.data_loader:601 —   IWCH                       5,056 (35.5%)
2026-05-02 05:33:18 | INFO     | src.data_loader:601 —   IWCA                       5,056 (35.5%)
2026-05-02 05:33:18 | INFO     | src.data_loader:601 —   VCCH                       4,070 (28.6%)
2026-05-02 05:33:18 | INFO     | src.data_loader:601 —   VCCD                       4,070 (28.6%)
2026-05-02 05:33:18 | INFO     | src.data_loader:601 —   VCCA                       4,070 (28.6%)
2026-05-02 05:33:18 | INFO     | src.data_loader:601 —   IWA                        2,977 (20.9%)
2026-05-02 05:33:18 | INFO     | src.data_loader:601 —   IWD                        2,977 (20.9%)
2026-05-02 05:33:18 | INFO     | src.data_loader:601 —   IWH                        2,977 (20.9%)
2026-05-02 05:33:18 | INFO     | src.data_loader:601 —   BWCH                       2,862 (20.1%)
2026-05-02 05:33:18 | INFO     | src.data_loader:601 —   BWCD                       2,862 (20.1%)
2026-05-02 05:33:18 | INFO     | src.data_loader:601 —   BWCA                       2,862 (20.1%)
2026-05-02 05:33:18 | INFO     | src.data_loader:601 —   WHCD                       2,524 (17.7%)
2026-05-02 05:33:18 | INFO     | src.data_loader:601 —   WHCH                       2,524 (17.7%)
2026-05-02 05:33:18 | INFO     | src.data_loader:601 —   WHCA                       2,524 (17.7%)
2026-05-02 05:33:18 | INFO     | src.data_loader:601 —   P<2.5                      2,107 (14.8%)
2026-05-02 05:33:18 | INFO     | src.data_loader:601 —   P>2.5                      2,107 (14.8%)
2026-05-02 05:33:18 | INFO     | src.data_loader:601 —   PC<2.5                     2,092 (14.7%)
2026-05-02 05:33:18 | INFO     | src.data_loader:601 —   PC>2.5                     2,092 (14.7%)
2026-05-02 05:33:18 | INFO     | src.data_loader:601 —   B365AHH                    2,089 (14.7%)
2026-05-02 05:33:18 | INFO     | src.data_loader:601 —   B365AHA                    2,089 (14.7%)
2026-05-02 05:33:18 | INFO     | src.data_loader:601 —   PAHH                       2,084 (14.6%)
2026-05-02 05:33:18 | INFO     | src.data_loader:601 —   PAHA                       2,084 (14.6%)
2026-05-02 05:33:18 | INFO     | src.data_loader:601 —   odds_over_25               2,082 (14.6%)
2026-05-02 05:33:18 | INFO     | src.data_loader:601 —   odds_under_25              2,082 (14.6%)
2026-05-02 05:33:18 | INFO     | src.data_loader:601 —   AvgAHH                     2,074 (14.5%)
2026-05-02 05:33:18 | INFO     | src.data_loader:601 —   PCAHA                      2,074 (14.5%)
2026-05-02 05:33:18 | INFO     | src.data_loader:601 —   PCAHH                      2,074 (14.5%)
2026-05-02 05:33:18 | INFO     | src.data_loader:601 —   B365CAHA                   2,074 (14.5%)
2026-05-02 05:33:18 | INFO     | src.data_loader:601 —   B365CAHH                   2,074 (14.5%)
2026-05-02 05:33:18 | INFO     | src.data_loader:601 —   AvgAHA                     2,074 (14.5%)
2026-05-02 05:33:18 | INFO     | src.data_loader:601 —   MaxAHH                     2,074 (14.5%)
2026-05-02 05:33:18 | INFO     | src.data_loader:601 —   MaxAHA                     2,074 (14.5%)
2026-05-02 05:33:18 | INFO     | src.data_loader:601 —   AHh                        2,074 (14.5%)
2026-05-02 05:33:18 | INFO     | src.data_loader:601 —   Max>2.5                    2,074 (14.5%)
2026-05-02 05:33:18 | INFO     | src.data_loader:601 —   Max<2.5                    2,074 (14.5%)
2026-05-02 05:33:18 | INFO     | src.data_loader:601 —   Avg>2.5                    2,074 (14.5%)
2026-05-02 05:33:18 | INFO     | src.data_loader:601 —   Avg<2.5                    2,074 (14.5%)
2026-05-02 05:33:18 | INFO     | src.data_loader:601 —   MaxD                       2,073 (14.5%)
2026-05-02 05:33:18 | INFO     | src.data_loader:601 —   B365CH                     2,073 (14.5%)
2026-05-02 05:33:18 | INFO     | src.data_loader:601 —   B365C>2.5                  2,073 (14.5%)
2026-05-02 05:33:18 | INFO     | src.data_loader:601 —   B365CA                     2,073 (14.5%)
2026-05-02 05:33:18 | INFO     | src.data_loader:601 —   MaxH                       2,073 (14.5%)
2026-05-02 05:33:18 | INFO     | src.data_loader:601 —   MaxA                       2,073 (14.5%)
2026-05-02 05:33:18 | INFO     | src.data_loader:601 —   AvgH                       2,073 (14.5%)
2026-05-02 05:33:18 | INFO     | src.data_loader:601 —   B365CD                     2,073 (14.5%)
2026-05-02 05:33:18 | INFO     | src.data_loader:601 —   AvgD                       2,073 (14.5%)
2026-05-02 05:33:18 | INFO     | src.data_loader:601 —   AvgA                       2,073 (14.5%)
2026-05-02 05:33:18 | INFO     | src.data_loader:601 —   MaxCAHH                    2,073 (14.5%)
2026-05-02 05:33:18 | INFO     | src.data_loader:601 —   MaxCAHA                    2,073 (14.5%)
2026-05-02 05:33:18 | INFO     | src.data_loader:601 —   B365C<2.5                  2,073 (14.5%)
2026-05-02 05:33:18 | INFO     | src.data_loader:601 —   AHCh                       2,072 (14.5%)
2026-05-02 05:33:18 | INFO     | src.data_loader:601 —   AvgC<2.5                   2,072 (14.5%)
2026-05-02 05:33:18 | INFO     | src.data_loader:601 —   AvgC>2.5                   2,072 (14.5%)
2026-05-02 05:33:18 | INFO     | src.data_loader:601 —   MaxC>2.5                   2,072 (14.5%)
2026-05-02 05:33:18 | INFO     | src.data_loader:601 —   AvgCAHH                    2,072 (14.5%)
2026-05-02 05:33:18 | INFO     | src.data_loader:601 —   AvgCAHA                    2,072 (14.5%)
2026-05-02 05:33:18 | INFO     | src.data_loader:601 —   MaxC<2.5                   2,072 (14.5%)
2026-05-02 05:33:18 | INFO     | src.data_loader:601 —   AvgCA                      2,072 (14.5%)
2026-05-02 05:33:18 | INFO     | src.data_loader:601 —   MaxCH                      2,072 (14.5%)
2026-05-02 05:33:18 | INFO     | src.data_loader:601 —   Time                       2,072 (14.5%)
2026-05-02 05:33:18 | INFO     | src.data_loader:601 —   AvgCD                      2,072 (14.5%)
2026-05-02 05:33:18 | INFO     | src.data_loader:601 —   MaxCD                      2,072 (14.5%)
2026-05-02 05:33:18 | INFO     | src.data_loader:601 —   MaxCA                      2,072 (14.5%)
2026-05-02 05:33:18 | INFO     | src.data_loader:601 —   AvgCH                      2,072 (14.5%)
2026-05-02 05:33:18 | INFO     | src.data_loader:601 —   VCA                        2,003 (14.1%)
2026-05-02 05:33:18 | INFO     | src.data_loader:601 —   VCH                        2,003 (14.1%)
2026-05-02 05:33:18 | INFO     | src.data_loader:601 —   VCD                        2,003 (14.1%)
2026-05-02 05:33:18 | INFO     | src.data_loader:601 —   BWH                          771 (5.4%)
2026-05-02 05:33:18 | INFO     | src.data_loader:601 —   BWD                          771 (5.4%)
2026-05-02 05:33:18 | INFO     | src.data_loader:601 —   BWA                          771 (5.4%)
2026-05-02 05:33:18 | INFO     | src.data_loader:601 —   WHA                          458 (3.2%)
2026-05-02 05:33:18 | INFO     | src.data_loader:601 —   WHD                          458 (3.2%)
2026-05-02 05:33:18 | INFO     | src.data_loader:601 —   WHH                          458 (3.2%)
2026-05-02 05:33:18 | INFO     | src.data_loader:601 —   PSH                           12 (0.1%)
2026-05-02 05:33:18 | INFO     | src.data_loader:601 —   PSA                           12 (0.1%)
2026-05-02 05:33:18 | INFO     | src.data_loader:601 —   PSD                           12 (0.1%)
2026-05-02 05:33:18 | INFO     | src.data_loader:601 —   implied_prob_home              6 (0.0%)
2026-05-02 05:33:18 | INFO     | src.data_loader:601 —   implied_prob_draw              6 (0.0%)
2026-05-02 05:33:18 | INFO     | src.data_loader:601 —   implied_prob_away              6 (0.0%)
2026-05-02 05:33:18 | INFO     | src.data_loader:601 —   overround                      6 (0.0%)
2026-05-02 05:33:18 | INFO     | src.data_loader:601 —   fair_prob_home                 6 (0.0%)
2026-05-02 05:33:18 | INFO     | src.data_loader:601 —   fair_prob_draw                 6 (0.0%)
2026-05-02 05:33:18 | INFO     | src.data_loader:601 —   fair_prob_away                 6 (0.0%)
2026-05-02 05:33:18 | INFO     | src.data_loader:601 —   odds_away                      5 (0.0%)
2026-05-02 05:33:18 | INFO     | src.data_loader:601 —   odds_draw                      5 (0.0%)
2026-05-02 05:33:18 | INFO     | src.data_loader:601 —   odds_home                      5 (0.0%)
2026-05-02 05:33:18 | INFO     | src.data_loader:601 —   PSCD                           2 (0.0%)
2026-05-02 05:33:18 | INFO     | src.data_loader:601 —   PSCH                           2 (0.0%)
2026-05-02 05:33:18 | INFO     | src.data_loader:601 —   PSCA                           2 (0.0%)
2026-05-02 05:33:18 | INFO     | src.data_loader:601 —   ht_away_goals                  1 (0.0%)
2026-05-02 05:33:18 | INFO     | src.data_loader:601 —   total_corners                  1 (0.0%)
2026-05-02 05:33:18 | INFO     | src.data_loader:601 —   ht_result                      1 (0.0%)
2026-05-02 05:33:18 | INFO     | src.data_loader:601 —   home_shots                     1 (0.0%)
2026-05-02 05:33:18 | INFO     | src.data_loader:601 —   away_shots                     1 (0.0%)
2026-05-02 05:33:18 | INFO     | src.data_loader:601 —   home_shots_ot                  1 (0.0%)
2026-05-02 05:33:18 | INFO     | src.data_loader:601 —   away_shots_ot                  1 (0.0%)
2026-05-02 05:33:18 | INFO     | src.data_loader:601 —   HF                             1 (0.0%)
2026-05-02 05:33:18 | INFO     | src.data_loader:601 —   away_corners                   1 (0.0%)
2026-05-02 05:33:18 | INFO     | src.data_loader:601 —   AF                             1 (0.0%)
2026-05-02 05:33:18 | INFO     | src.data_loader:601 —   home_corners                   1 (0.0%)
2026-05-02 05:33:18 | INFO     | src.data_loader:601 —   home_yellows                   1 (0.0%)
2026-05-02 05:33:18 | INFO     | src.data_loader:601 —   away_yellows                   1 (0.0%)
2026-05-02 05:33:18 | INFO     | src.data_loader:601 —   home_reds                      1 (0.0%)
2026-05-02 05:33:18 | INFO     | src.data_loader:601 —   away_reds                      1 (0.0%)
2026-05-02 05:33:18 | INFO     | src.data_loader:601 —   ht_home_goals                  1 (0.0%)
2026-05-02 05:33:18 | INFO     | src.data_loader:605 — 
2026-05-02 05:33:18 | INFO     | src.data_loader:611 — Result distribution:
2026-05-02 05:33:18 | INFO     | src.data_loader:615 —   Home Win (H)        6,152 (43.2%)
2026-05-02 05:33:18 | INFO     | src.data_loader:615 —   Draw (D)            3,667 (25.7%)
2026-05-02 05:33:18 | INFO     | src.data_loader:615 —   Away Win (A)        4,436 (31.1%)
2026-05-02 05:33:18 | INFO     | src.data_loader:619 — BTTS Yes rate      : 52.5%
2026-05-02 05:33:18 | INFO     | src.data_loader:623 — Over 2.5 rate      : 50.2%
2026-05-02 05:33:18 | INFO     | src.data_loader:627 — Bet365 odds coverage: 100.0%
2026-05-02 05:33:18 | INFO     | src.data_loader:629 — ============================================================
2026-05-02 14:02:52 | INFO     | __main__:413 — Starting download: 5 leagues × 7 seasons = 35 files
2026-05-02 14:02:52 | DEBUG    | __main__:114 — Cache hit: EPL_1819.csv — skipping download
2026-05-02 14:02:52 | DEBUG    | __main__:114 — Cache hit: EPL_1920.csv — skipping download
2026-05-02 14:02:52 | DEBUG    | __main__:114 — Cache hit: EPL_2021.csv — skipping download
2026-05-02 14:02:52 | DEBUG    | __main__:114 — Cache hit: EPL_2122.csv — skipping download
2026-05-02 14:02:52 | DEBUG    | __main__:114 — Cache hit: EPL_2223.csv — skipping download
2026-05-02 14:02:52 | DEBUG    | __main__:114 — Cache hit: EPL_2324.csv — skipping download
2026-05-02 14:02:52 | DEBUG    | __main__:114 — Cache hit: EPL_2425.csv — skipping download
2026-05-02 14:02:52 | DEBUG    | __main__:114 — Cache hit: ENG_CHAMP_1819.csv — skipping download
2026-05-02 14:02:52 | DEBUG    | __main__:114 — Cache hit: ENG_CHAMP_1920.csv — skipping download
2026-05-02 14:02:52 | DEBUG    | __main__:114 — Cache hit: ENG_CHAMP_2021.csv — skipping download
2026-05-02 14:02:52 | DEBUG    | __main__:114 — Cache hit: ENG_CHAMP_2122.csv — skipping download
2026-05-02 14:02:52 | DEBUG    | __main__:114 — Cache hit: ENG_CHAMP_2223.csv — skipping download
2026-05-02 14:02:52 | DEBUG    | __main__:114 — Cache hit: ENG_CHAMP_2324.csv — skipping download
2026-05-02 14:02:52 | DEBUG    | __main__:114 — Cache hit: ENG_CHAMP_2425.csv — skipping download
2026-05-02 14:02:52 | DEBUG    | __main__:114 — Cache hit: LA_LIGA_1819.csv — skipping download
2026-05-02 14:02:52 | DEBUG    | __main__:114 — Cache hit: LA_LIGA_1920.csv — skipping download
2026-05-02 14:02:52 | DEBUG    | __main__:114 — Cache hit: LA_LIGA_2021.csv — skipping download
2026-05-02 14:02:52 | DEBUG    | __main__:114 — Cache hit: LA_LIGA_2122.csv — skipping download
2026-05-02 14:02:52 | DEBUG    | __main__:114 — Cache hit: LA_LIGA_2223.csv — skipping download
2026-05-02 14:02:52 | DEBUG    | __main__:114 — Cache hit: LA_LIGA_2324.csv — skipping download
2026-05-02 14:02:52 | DEBUG    | __main__:114 — Cache hit: LA_LIGA_2425.csv — skipping download
2026-05-02 14:02:52 | DEBUG    | __main__:114 — Cache hit: SERIE_A_1819.csv — skipping download
2026-05-02 14:02:52 | DEBUG    | __main__:114 — Cache hit: SERIE_A_1920.csv — skipping download
2026-05-02 14:02:52 | DEBUG    | __main__:114 — Cache hit: SERIE_A_2021.csv — skipping download
2026-05-02 14:02:52 | DEBUG    | __main__:114 — Cache hit: SERIE_A_2122.csv — skipping download
2026-05-02 14:02:52 | DEBUG    | __main__:114 — Cache hit: SERIE_A_2223.csv — skipping download
2026-05-02 14:02:52 | DEBUG    | __main__:114 — Cache hit: SERIE_A_2324.csv — skipping download
2026-05-02 14:02:52 | DEBUG    | __main__:114 — Cache hit: SERIE_A_2425.csv — skipping download
2026-05-02 14:02:52 | DEBUG    | __main__:114 — Cache hit: LIGUE_1_1819.csv — skipping download
2026-05-02 14:02:52 | DEBUG    | __main__:114 — Cache hit: LIGUE_1_1920.csv — skipping download
2026-05-02 14:02:52 | DEBUG    | __main__:114 — Cache hit: LIGUE_1_2021.csv — skipping download
2026-05-02 14:02:52 | DEBUG    | __main__:114 — Cache hit: LIGUE_1_2122.csv — skipping download
2026-05-02 14:02:52 | DEBUG    | __main__:114 — Cache hit: LIGUE_1_2223.csv — skipping download
2026-05-02 14:02:52 | DEBUG    | __main__:114 — Cache hit: LIGUE_1_2324.csv — skipping download
2026-05-02 14:02:52 | DEBUG    | __main__:114 — Cache hit: LIGUE_1_2425.csv — skipping download
2026-05-02 14:02:52 | INFO     | __main__:425 — Download complete: 35/35 files successfully obtained
2026-05-02 14:02:52 | INFO     | __main__:462 — Parsing downloaded CSV files ...
2026-05-02 14:02:53 | DEBUG    | __main__:198 — Raw shape: (380, 62) — EPL_1819.csv
2026-05-02 14:02:53 | DEBUG    | __main__:265 — Parsed: 380 matches — EPL_1819.csv
2026-05-02 14:02:53 | DEBUG    | __main__:198 — Raw shape: (380, 106) — EPL_1920.csv
2026-05-02 14:02:53 | DEBUG    | __main__:265 — Parsed: 380 matches — EPL_1920.csv
2026-05-02 14:02:53 | DEBUG    | __main__:198 — Raw shape: (380, 106) — EPL_2021.csv
2026-05-02 14:02:53 | DEBUG    | __main__:265 — Parsed: 380 matches — EPL_2021.csv
2026-05-02 14:02:53 | DEBUG    | __main__:198 — Raw shape: (380, 106) — EPL_2122.csv
2026-05-02 14:02:53 | DEBUG    | __main__:265 — Parsed: 380 matches — EPL_2122.csv
2026-05-02 14:02:53 | DEBUG    | __main__:198 — Raw shape: (380, 106) — EPL_2223.csv
2026-05-02 14:02:53 | DEBUG    | __main__:265 — Parsed: 380 matches — EPL_2223.csv
2026-05-02 14:02:53 | DEBUG    | __main__:198 — Raw shape: (380, 106) — EPL_2324.csv
2026-05-02 14:02:53 | DEBUG    | __main__:265 — Parsed: 380 matches — EPL_2324.csv
2026-05-02 14:02:53 | DEBUG    | __main__:198 — Raw shape: (380, 120) — EPL_2425.csv
2026-05-02 14:02:53 | DEBUG    | __main__:265 — Parsed: 380 matches — EPL_2425.csv
2026-05-02 14:02:53 | DEBUG    | __main__:198 — Raw shape: (552, 62) — ENG_CHAMP_1819.csv
2026-05-02 14:02:53 | DEBUG    | __main__:265 — Parsed: 552 matches — ENG_CHAMP_1819.csv
2026-05-02 14:02:53 | DEBUG    | __main__:198 — Raw shape: (552, 106) — ENG_CHAMP_1920.csv
2026-05-02 14:02:53 | DEBUG    | __main__:265 — Parsed: 552 matches — ENG_CHAMP_1920.csv
2026-05-02 14:02:53 | DEBUG    | __main__:198 — Raw shape: (552, 106) — ENG_CHAMP_2021.csv
2026-05-02 14:02:53 | DEBUG    | __main__:265 — Parsed: 552 matches — ENG_CHAMP_2021.csv
2026-05-02 14:02:53 | DEBUG    | __main__:198 — Raw shape: (552, 106) — ENG_CHAMP_2122.csv
2026-05-02 14:02:53 | DEBUG    | __main__:265 — Parsed: 552 matches — ENG_CHAMP_2122.csv
2026-05-02 14:02:53 | DEBUG    | __main__:198 — Raw shape: (552, 106) — ENG_CHAMP_2223.csv
2026-05-02 14:02:53 | DEBUG    | __main__:265 — Parsed: 552 matches — ENG_CHAMP_2223.csv
2026-05-02 14:02:53 | DEBUG    | __main__:198 — Raw shape: (552, 106) — ENG_CHAMP_2324.csv
2026-05-02 14:02:53 | DEBUG    | __main__:265 — Parsed: 552 matches — ENG_CHAMP_2324.csv
2026-05-02 14:02:54 | DEBUG    | __main__:198 — Raw shape: (552, 120) — ENG_CHAMP_2425.csv
2026-05-02 14:02:54 | DEBUG    | __main__:265 — Parsed: 552 matches — ENG_CHAMP_2425.csv
2026-05-02 14:02:54 | DEBUG    | __main__:198 — Raw shape: (380, 61) — LA_LIGA_1819.csv
2026-05-02 14:02:54 | DEBUG    | __main__:265 — Parsed: 380 matches — LA_LIGA_1819.csv
2026-05-02 14:02:54 | DEBUG    | __main__:198 — Raw shape: (380, 105) — LA_LIGA_1920.csv
2026-05-02 14:02:54 | DEBUG    | __main__:265 — Parsed: 380 matches — LA_LIGA_1920.csv
2026-05-02 14:02:54 | DEBUG    | __main__:198 — Raw shape: (380, 105) — LA_LIGA_2021.csv
2026-05-02 14:02:54 | DEBUG    | __main__:265 — Parsed: 380 matches — LA_LIGA_2021.csv
2026-05-02 14:02:54 | DEBUG    | __main__:198 — Raw shape: (380, 105) — LA_LIGA_2122.csv
2026-05-02 14:02:54 | DEBUG    | __main__:265 — Parsed: 380 matches — LA_LIGA_2122.csv
2026-05-02 14:02:54 | DEBUG    | __main__:198 — Raw shape: (380, 105) — LA_LIGA_2223.csv
2026-05-02 14:02:54 | DEBUG    | __main__:265 — Parsed: 380 matches — LA_LIGA_2223.csv
2026-05-02 14:02:54 | DEBUG    | __main__:198 — Raw shape: (380, 105) — LA_LIGA_2324.csv
2026-05-02 14:02:54 | DEBUG    | __main__:265 — Parsed: 380 matches — LA_LIGA_2324.csv
2026-05-02 14:02:54 | DEBUG    | __main__:198 — Raw shape: (380, 119) — LA_LIGA_2425.csv
2026-05-02 14:02:54 | DEBUG    | __main__:265 — Parsed: 380 matches — LA_LIGA_2425.csv
2026-05-02 14:02:54 | DEBUG    | __main__:198 — Raw shape: (380, 61) — SERIE_A_1819.csv
2026-05-02 14:02:54 | DEBUG    | __main__:265 — Parsed: 380 matches — SERIE_A_1819.csv
2026-05-02 14:02:54 | DEBUG    | __main__:198 — Raw shape: (380, 105) — SERIE_A_1920.csv
2026-05-02 14:02:54 | DEBUG    | __main__:265 — Parsed: 380 matches — SERIE_A_1920.csv
2026-05-02 14:02:54 | DEBUG    | __main__:198 — Raw shape: (380, 105) — SERIE_A_2021.csv
2026-05-02 14:02:54 | DEBUG    | __main__:265 — Parsed: 380 matches — SERIE_A_2021.csv
2026-05-02 14:02:54 | DEBUG    | __main__:198 — Raw shape: (380, 105) — SERIE_A_2122.csv
2026-05-02 14:02:54 | DEBUG    | __main__:265 — Parsed: 380 matches — SERIE_A_2122.csv
2026-05-02 14:02:54 | DEBUG    | __main__:198 — Raw shape: (380, 105) — SERIE_A_2223.csv
2026-05-02 14:02:54 | DEBUG    | __main__:265 — Parsed: 380 matches — SERIE_A_2223.csv
2026-05-02 14:02:54 | DEBUG    | __main__:198 — Raw shape: (380, 105) — SERIE_A_2324.csv
2026-05-02 14:02:54 | DEBUG    | __main__:265 — Parsed: 380 matches — SERIE_A_2324.csv
2026-05-02 14:02:54 | DEBUG    | __main__:198 — Raw shape: (380, 119) — SERIE_A_2425.csv
2026-05-02 14:02:54 | DEBUG    | __main__:265 — Parsed: 380 matches — SERIE_A_2425.csv
2026-05-02 14:02:54 | DEBUG    | __main__:198 — Raw shape: (380, 61) — LIGUE_1_1819.csv
2026-05-02 14:02:54 | DEBUG    | __main__:265 — Parsed: 380 matches — LIGUE_1_1819.csv
2026-05-02 14:02:54 | DEBUG    | __main__:198 — Raw shape: (279, 105) — LIGUE_1_1920.csv
2026-05-02 14:02:54 | DEBUG    | __main__:265 — Parsed: 279 matches — LIGUE_1_1920.csv
2026-05-02 14:02:54 | DEBUG    | __main__:198 — Raw shape: (380, 105) — LIGUE_1_2021.csv
2026-05-02 14:02:54 | DEBUG    | __main__:265 — Parsed: 380 matches — LIGUE_1_2021.csv
2026-05-02 14:02:54 | DEBUG    | __main__:198 — Raw shape: (380, 105) — LIGUE_1_2122.csv
2026-05-02 14:02:54 | DEBUG    | __main__:265 — Parsed: 380 matches — LIGUE_1_2122.csv
2026-05-02 14:02:54 | DEBUG    | __main__:198 — Raw shape: (380, 105) — LIGUE_1_2223.csv
2026-05-02 14:02:54 | DEBUG    | __main__:265 — Parsed: 380 matches — LIGUE_1_2223.csv
2026-05-02 14:02:54 | DEBUG    | __main__:198 — Raw shape: (306, 105) — LIGUE_1_2324.csv
2026-05-02 14:02:54 | DEBUG    | __main__:265 — Parsed: 306 matches — LIGUE_1_2324.csv
2026-05-02 14:02:54 | DEBUG    | __main__:198 — Raw shape: (306, 119) — LIGUE_1_2425.csv
2026-05-02 14:02:54 | DEBUG    | __main__:265 — Parsed: 306 matches — LIGUE_1_2425.csv
2026-05-02 14:02:54 | INFO     | __main__:486 — Merging 35 DataFrames ...
2026-05-02 14:02:55 | INFO     | __main__:494 — Deriving target variables (BTTS, Over 2.5, Corners) ...
2026-05-02 14:02:55 | INFO     | __main__:498 — Calculating fair odds (removing bookmaker overround) ...
2026-05-02 14:02:55 | DEBUG    | __main__:381 — Fair odds calculated for 14,249 matches. Avg overround: 1.0528
2026-05-02 14:02:55 | INFO     | __main__:572 — ============================================================
2026-05-02 14:02:55 | INFO     | __main__:573 — DATA QUALITY REPORT
2026-05-02 14:02:55 | INFO     | __main__:574 — ============================================================
2026-05-02 14:02:55 | INFO     | __main__:575 — Total matches      : 14,255
2026-05-02 14:02:55 | INFO     | __main__:576 — Date range         : 2018-08-03 → 2025-05-25
2026-05-02 14:02:55 | INFO     | __main__:577 — Columns            : 169
2026-05-02 14:02:55 | INFO     | __main__:578 — Leagues            : 5
2026-05-02 14:02:55 | INFO     | __main__:579 — Seasons            : ['1819', '1920', '2021', '2122', '2223', '2324', '2425']
2026-05-02 14:02:55 | INFO     | __main__:580 — 
2026-05-02 14:02:55 | INFO     | __main__:586 —   ENG_CHAMP    3,864 matches | 43 teams | 7 seasons
2026-05-02 14:02:55 | INFO     | __main__:586 —   EPL          2,660 matches | 29 teams | 7 seasons
2026-05-02 14:02:55 | INFO     | __main__:586 —   LA_LIGA      2,660 matches | 27 teams | 7 seasons
2026-05-02 14:02:55 | INFO     | __main__:586 —   LIGUE_1      2,411 matches | 29 teams | 7 seasons
2026-05-02 14:02:55 | INFO     | __main__:586 —   SERIE_A      2,660 matches | 31 teams | 7 seasons
2026-05-02 14:02:55 | INFO     | __main__:592 — 
2026-05-02 14:02:55 | INFO     | __main__:598 — Columns with missing values:
2026-05-02 14:02:55 | INFO     | __main__:601 —   1XBA                      12,305 (86.3%)
2026-05-02 14:02:55 | INFO     | __main__:601 —   1XBD                      12,305 (86.3%)
2026-05-02 14:02:55 | INFO     | __main__:601 —   1XBH                      12,305 (86.3%)
2026-05-02 14:02:55 | INFO     | __main__:601 —   BFEAHH                    12,287 (86.2%)
2026-05-02 14:02:55 | INFO     | __main__:601 —   BFEAHA                    12,287 (86.2%)
2026-05-02 14:02:55 | INFO     | __main__:601 —   BFE<2.5                   12,282 (86.2%)
2026-05-02 14:02:55 | INFO     | __main__:601 —   BFE>2.5                   12,282 (86.2%)
2026-05-02 14:02:55 | INFO     | __main__:601 —   BFH                       12,259 (86.0%)
2026-05-02 14:02:55 | INFO     | __main__:601 —   BFD                       12,259 (86.0%)
2026-05-02 14:02:55 | INFO     | __main__:601 —   BFA                       12,259 (86.0%)
2026-05-02 14:02:55 | INFO     | __main__:601 —   1XBCA                     12,257 (86.0%)
2026-05-02 14:02:55 | INFO     | __main__:601 —   BFCA                      12,257 (86.0%)
2026-05-02 14:02:55 | INFO     | __main__:601 —   BFCH                      12,257 (86.0%)
2026-05-02 14:02:55 | INFO     | __main__:601 —   1XBCH                     12,257 (86.0%)
2026-05-02 14:02:55 | INFO     | __main__:601 —   1XBCD                     12,257 (86.0%)
2026-05-02 14:02:55 | INFO     | __main__:601 —   BFCD                      12,257 (86.0%)
2026-05-02 14:02:55 | INFO     | __main__:601 —   BFECH                     12,257 (86.0%)
2026-05-02 14:02:55 | INFO     | __main__:601 —   BFECAHA                   12,257 (86.0%)
2026-05-02 14:02:55 | INFO     | __main__:601 —   BFECD                     12,257 (86.0%)
2026-05-02 14:02:55 | INFO     | __main__:601 —   BFEA                      12,257 (86.0%)
2026-05-02 14:02:55 | INFO     | __main__:601 —   BFEH                      12,257 (86.0%)
2026-05-02 14:02:55 | INFO     | __main__:601 —   BFED                      12,257 (86.0%)
2026-05-02 14:02:55 | INFO     | __main__:601 —   BFECAHH                   12,257 (86.0%)
2026-05-02 14:02:55 | INFO     | __main__:601 —   BFEC<2.5                  12,257 (86.0%)
2026-05-02 14:02:55 | INFO     | __main__:601 —   BFEC>2.5                  12,257 (86.0%)
2026-05-02 14:02:55 | INFO     | __main__:601 —   BFECA                     12,257 (86.0%)
2026-05-02 14:02:55 | INFO     | __main__:601 —   BbAH                      12,183 (85.5%)
2026-05-02 14:02:55 | INFO     | __main__:601 —   BbAv<2.5                  12,183 (85.5%)
2026-05-02 14:02:55 | INFO     | __main__:601 —   BbMxD                     12,183 (85.5%)
2026-05-02 14:02:55 | INFO     | __main__:601 —   BbMx<2.5                  12,183 (85.5%)
2026-05-02 14:02:55 | INFO     | __main__:601 —   BbAv>2.5                  12,183 (85.5%)
2026-05-02 14:02:55 | INFO     | __main__:601 —   BbMx>2.5                  12,183 (85.5%)
2026-05-02 14:02:55 | INFO     | __main__:601 —   BbOU                      12,183 (85.5%)
2026-05-02 14:02:55 | INFO     | __main__:601 —   BbAvA                     12,183 (85.5%)
2026-05-02 14:02:55 | INFO     | __main__:601 —   BbMxA                     12,183 (85.5%)
2026-05-02 14:02:55 | INFO     | __main__:601 —   BbAvD                     12,183 (85.5%)
2026-05-02 14:02:55 | INFO     | __main__:601 —   BbAHh                     12,183 (85.5%)
2026-05-02 14:02:55 | INFO     | __main__:601 —   BbAvH                     12,183 (85.5%)
2026-05-02 14:02:55 | INFO     | __main__:601 —   BbMxH                     12,183 (85.5%)
2026-05-02 14:02:55 | INFO     | __main__:601 —   Bb1X2                     12,183 (85.5%)
2026-05-02 14:02:55 | INFO     | __main__:601 —   BbAvAHH                   12,183 (85.5%)
2026-05-02 14:02:55 | INFO     | __main__:601 —   BbMxAHA                   12,183 (85.5%)
2026-05-02 14:02:55 | INFO     | __main__:601 —   BbAvAHA                   12,183 (85.5%)
2026-05-02 14:02:55 | INFO     | __main__:601 —   BbMxAHH                   12,183 (85.5%)
2026-05-02 14:02:55 | INFO     | __main__:601 —   referee                    7,732 (54.2%)
2026-05-02 14:02:55 | INFO     | __main__:601 —   IWCD                       5,056 (35.5%)
2026-05-02 14:02:55 | INFO     | __main__:601 —   IWCH                       5,056 (35.5%)
2026-05-02 14:02:55 | INFO     | __main__:601 —   IWCA                       5,056 (35.5%)
2026-05-02 14:02:55 | INFO     | __main__:601 —   VCCH                       4,070 (28.6%)
2026-05-02 14:02:55 | INFO     | __main__:601 —   VCCD                       4,070 (28.6%)
2026-05-02 14:02:55 | INFO     | __main__:601 —   VCCA                       4,070 (28.6%)
2026-05-02 14:02:55 | INFO     | __main__:601 —   IWA                        2,977 (20.9%)
2026-05-02 14:02:55 | INFO     | __main__:601 —   IWD                        2,977 (20.9%)
2026-05-02 14:02:55 | INFO     | __main__:601 —   IWH                        2,977 (20.9%)
2026-05-02 14:02:55 | INFO     | __main__:601 —   BWCH                       2,862 (20.1%)
2026-05-02 14:02:55 | INFO     | __main__:601 —   BWCD                       2,862 (20.1%)
2026-05-02 14:02:55 | INFO     | __main__:601 —   BWCA                       2,862 (20.1%)
2026-05-02 14:02:55 | INFO     | __main__:601 —   WHCD                       2,524 (17.7%)
2026-05-02 14:02:55 | INFO     | __main__:601 —   WHCH                       2,524 (17.7%)
2026-05-02 14:02:55 | INFO     | __main__:601 —   WHCA                       2,524 (17.7%)
2026-05-02 14:02:55 | INFO     | __main__:601 —   P<2.5                      2,107 (14.8%)
2026-05-02 14:02:55 | INFO     | __main__:601 —   P>2.5                      2,107 (14.8%)
2026-05-02 14:02:55 | INFO     | __main__:601 —   PC<2.5                     2,092 (14.7%)
2026-05-02 14:02:55 | INFO     | __main__:601 —   PC>2.5                     2,092 (14.7%)
2026-05-02 14:02:55 | INFO     | __main__:601 —   B365AHH                    2,089 (14.7%)
2026-05-02 14:02:55 | INFO     | __main__:601 —   B365AHA                    2,089 (14.7%)
2026-05-02 14:02:55 | INFO     | __main__:601 —   PAHH                       2,084 (14.6%)
2026-05-02 14:02:55 | INFO     | __main__:601 —   PAHA                       2,084 (14.6%)
2026-05-02 14:02:55 | INFO     | __main__:601 —   odds_over_25               2,082 (14.6%)
2026-05-02 14:02:55 | INFO     | __main__:601 —   odds_under_25              2,082 (14.6%)
2026-05-02 14:02:55 | INFO     | __main__:601 —   AvgAHH                     2,074 (14.5%)
2026-05-02 14:02:55 | INFO     | __main__:601 —   PCAHA                      2,074 (14.5%)
2026-05-02 14:02:55 | INFO     | __main__:601 —   PCAHH                      2,074 (14.5%)
2026-05-02 14:02:55 | INFO     | __main__:601 —   B365CAHA                   2,074 (14.5%)
2026-05-02 14:02:55 | INFO     | __main__:601 —   B365CAHH                   2,074 (14.5%)
2026-05-02 14:02:55 | INFO     | __main__:601 —   AvgAHA                     2,074 (14.5%)
2026-05-02 14:02:55 | INFO     | __main__:601 —   MaxAHH                     2,074 (14.5%)
2026-05-02 14:02:55 | INFO     | __main__:601 —   MaxAHA                     2,074 (14.5%)
2026-05-02 14:02:55 | INFO     | __main__:601 —   AHh                        2,074 (14.5%)
2026-05-02 14:02:55 | INFO     | __main__:601 —   Max>2.5                    2,074 (14.5%)
2026-05-02 14:02:55 | INFO     | __main__:601 —   Max<2.5                    2,074 (14.5%)
2026-05-02 14:02:55 | INFO     | __main__:601 —   Avg>2.5                    2,074 (14.5%)
2026-05-02 14:02:55 | INFO     | __main__:601 —   Avg<2.5                    2,074 (14.5%)
2026-05-02 14:02:55 | INFO     | __main__:601 —   MaxD                       2,073 (14.5%)
2026-05-02 14:02:55 | INFO     | __main__:601 —   B365CH                     2,073 (14.5%)
2026-05-02 14:02:55 | INFO     | __main__:601 —   B365C>2.5                  2,073 (14.5%)
2026-05-02 14:02:55 | INFO     | __main__:601 —   B365CA                     2,073 (14.5%)
2026-05-02 14:02:55 | INFO     | __main__:601 —   MaxH                       2,073 (14.5%)
2026-05-02 14:02:55 | INFO     | __main__:601 —   MaxA                       2,073 (14.5%)
2026-05-02 14:02:55 | INFO     | __main__:601 —   AvgH                       2,073 (14.5%)
2026-05-02 14:02:55 | INFO     | __main__:601 —   B365CD                     2,073 (14.5%)
2026-05-02 14:02:55 | INFO     | __main__:601 —   AvgD                       2,073 (14.5%)
2026-05-02 14:02:55 | INFO     | __main__:601 —   AvgA                       2,073 (14.5%)
2026-05-02 14:02:55 | INFO     | __main__:601 —   MaxCAHH                    2,073 (14.5%)
2026-05-02 14:02:55 | INFO     | __main__:601 —   MaxCAHA                    2,073 (14.5%)
2026-05-02 14:02:55 | INFO     | __main__:601 —   B365C<2.5                  2,073 (14.5%)
2026-05-02 14:02:55 | INFO     | __main__:601 —   AHCh                       2,072 (14.5%)
2026-05-02 14:02:55 | INFO     | __main__:601 —   AvgC<2.5                   2,072 (14.5%)
2026-05-02 14:02:55 | INFO     | __main__:601 —   AvgC>2.5                   2,072 (14.5%)
2026-05-02 14:02:55 | INFO     | __main__:601 —   MaxC>2.5                   2,072 (14.5%)
2026-05-02 14:02:55 | INFO     | __main__:601 —   AvgCAHH                    2,072 (14.5%)
2026-05-02 14:02:55 | INFO     | __main__:601 —   AvgCAHA                    2,072 (14.5%)
2026-05-02 14:02:55 | INFO     | __main__:601 —   MaxC<2.5                   2,072 (14.5%)
2026-05-02 14:02:55 | INFO     | __main__:601 —   AvgCA                      2,072 (14.5%)
2026-05-02 14:02:55 | INFO     | __main__:601 —   MaxCH                      2,072 (14.5%)
2026-05-02 14:02:55 | INFO     | __main__:601 —   Time                       2,072 (14.5%)
2026-05-02 14:02:55 | INFO     | __main__:601 —   AvgCD                      2,072 (14.5%)
2026-05-02 14:02:55 | INFO     | __main__:601 —   MaxCD                      2,072 (14.5%)
2026-05-02 14:02:55 | INFO     | __main__:601 —   MaxCA                      2,072 (14.5%)
2026-05-02 14:02:55 | INFO     | __main__:601 —   AvgCH                      2,072 (14.5%)
2026-05-02 14:02:55 | INFO     | __main__:601 —   VCA                        2,003 (14.1%)
2026-05-02 14:02:55 | INFO     | __main__:601 —   VCH                        2,003 (14.1%)
2026-05-02 14:02:55 | INFO     | __main__:601 —   VCD                        2,003 (14.1%)
2026-05-02 14:02:55 | INFO     | __main__:601 —   BWH                          771 (5.4%)
2026-05-02 14:02:55 | INFO     | __main__:601 —   BWD                          771 (5.4%)
2026-05-02 14:02:55 | INFO     | __main__:601 —   BWA                          771 (5.4%)
2026-05-02 14:02:55 | INFO     | __main__:601 —   WHA                          458 (3.2%)
2026-05-02 14:02:55 | INFO     | __main__:601 —   WHD                          458 (3.2%)
2026-05-02 14:02:55 | INFO     | __main__:601 —   WHH                          458 (3.2%)
2026-05-02 14:02:55 | INFO     | __main__:601 —   PSH                           12 (0.1%)
2026-05-02 14:02:55 | INFO     | __main__:601 —   PSA                           12 (0.1%)
2026-05-02 14:02:55 | INFO     | __main__:601 —   PSD                           12 (0.1%)
2026-05-02 14:02:55 | INFO     | __main__:601 —   implied_prob_home              6 (0.0%)
2026-05-02 14:02:55 | INFO     | __main__:601 —   implied_prob_draw              6 (0.0%)
2026-05-02 14:02:55 | INFO     | __main__:601 —   implied_prob_away              6 (0.0%)
2026-05-02 14:02:55 | INFO     | __main__:601 —   overround                      6 (0.0%)
2026-05-02 14:02:55 | INFO     | __main__:601 —   fair_prob_home                 6 (0.0%)
2026-05-02 14:02:55 | INFO     | __main__:601 —   fair_prob_draw                 6 (0.0%)
2026-05-02 14:02:55 | INFO     | __main__:601 —   fair_prob_away                 6 (0.0%)
2026-05-02 14:02:55 | INFO     | __main__:601 —   odds_away                      5 (0.0%)
2026-05-02 14:02:55 | INFO     | __main__:601 —   odds_draw                      5 (0.0%)
2026-05-02 14:02:55 | INFO     | __main__:601 —   odds_home                      5 (0.0%)
2026-05-02 14:02:55 | INFO     | __main__:601 —   PSCD                           2 (0.0%)
2026-05-02 14:02:55 | INFO     | __main__:601 —   PSCH                           2 (0.0%)
2026-05-02 14:02:55 | INFO     | __main__:601 —   PSCA                           2 (0.0%)
2026-05-02 14:02:55 | INFO     | __main__:601 —   ht_away_goals                  1 (0.0%)
2026-05-02 14:02:55 | INFO     | __main__:601 —   total_corners                  1 (0.0%)
2026-05-02 14:02:55 | INFO     | __main__:601 —   ht_result                      1 (0.0%)
2026-05-02 14:02:55 | INFO     | __main__:601 —   home_shots                     1 (0.0%)
2026-05-02 14:02:55 | INFO     | __main__:601 —   away_shots                     1 (0.0%)
2026-05-02 14:02:55 | INFO     | __main__:601 —   home_shots_ot                  1 (0.0%)
2026-05-02 14:02:55 | INFO     | __main__:601 —   away_shots_ot                  1 (0.0%)
2026-05-02 14:02:55 | INFO     | __main__:601 —   HF                             1 (0.0%)
2026-05-02 14:02:55 | INFO     | __main__:601 —   away_corners                   1 (0.0%)
2026-05-02 14:02:55 | INFO     | __main__:601 —   AF                             1 (0.0%)
2026-05-02 14:02:55 | INFO     | __main__:601 —   home_corners                   1 (0.0%)
2026-05-02 14:02:55 | INFO     | __main__:601 —   home_yellows                   1 (0.0%)
2026-05-02 14:02:55 | INFO     | __main__:601 —   away_yellows                   1 (0.0%)
2026-05-02 14:02:55 | INFO     | __main__:601 —   home_reds                      1 (0.0%)
2026-05-02 14:02:55 | INFO     | __main__:601 —   away_reds                      1 (0.0%)
2026-05-02 14:02:55 | INFO     | __main__:601 —   ht_home_goals                  1 (0.0%)
2026-05-02 14:02:55 | INFO     | __main__:605 — 
2026-05-02 14:02:55 | INFO     | __main__:611 — Result distribution:
2026-05-02 14:02:55 | INFO     | __main__:615 —   Home Win (H)        6,152 (43.2%)
2026-05-02 14:02:55 | INFO     | __main__:615 —   Draw (D)            3,667 (25.7%)
2026-05-02 14:02:55 | INFO     | __main__:615 —   Away Win (A)        4,436 (31.1%)
2026-05-02 14:02:55 | INFO     | __main__:619 — BTTS Yes rate      : 52.5%
2026-05-02 14:02:55 | INFO     | __main__:623 — Over 2.5 rate      : 50.2%
2026-05-02 14:02:55 | INFO     | __main__:627 — Bet365 odds coverage: 100.0%
2026-05-02 14:02:55 | INFO     | __main__:629 — ============================================================
2026-05-02 14:02:55 | SUCCESS  | __main__:504 — Master DataFrame built: 14,255 matches, 169 columns
2026-05-02 14:02:56 | SUCCESS  | __main__:522 — Saved master: /home/afshin/learning/files/data/processed/master.parquet (1704.2 KB)
2026-05-02 14:02:56 | DEBUG    | __main__:529 — Saved ENG_CHAMP: 3,864 matches → ENG_CHAMP_master.parquet
2026-05-02 14:02:56 | DEBUG    | __main__:529 — Saved EPL: 2,660 matches → EPL_master.parquet
2026-05-02 14:02:56 | DEBUG    | __main__:529 — Saved LIGUE_1: 2,411 matches → LIGUE_1_master.parquet
2026-05-02 14:02:56 | DEBUG    | __main__:529 — Saved LA_LIGA: 2,660 matches → LA_LIGA_master.parquet
2026-05-02 14:02:56 | DEBUG    | __main__:529 — Saved SERIE_A: 2,660 matches → SERIE_A_master.parquet
2026-05-02 14:02:56 | SUCCESS  | __main__:690 — All done. Run notebook 01_data_exploration.ipynb to explore the data.
2026-05-02 14:04:00 | INFO     | __main__:413 — Starting download: 5 leagues × 7 seasons = 35 files
2026-05-02 14:04:01 | DEBUG    | __main__:114 — Cache hit: EPL_1819.csv — skipping download
2026-05-02 14:04:01 | DEBUG    | __main__:114 — Cache hit: EPL_1920.csv — skipping download
2026-05-02 14:04:01 | DEBUG    | __main__:114 — Cache hit: EPL_2021.csv — skipping download
2026-05-02 14:04:01 | DEBUG    | __main__:114 — Cache hit: EPL_2122.csv — skipping download
2026-05-02 14:04:01 | DEBUG    | __main__:114 — Cache hit: EPL_2223.csv — skipping download
2026-05-02 14:04:01 | DEBUG    | __main__:114 — Cache hit: EPL_2324.csv — skipping download
2026-05-02 14:04:01 | DEBUG    | __main__:114 — Cache hit: EPL_2425.csv — skipping download
2026-05-02 14:04:01 | DEBUG    | __main__:114 — Cache hit: ENG_CHAMP_1819.csv — skipping download
2026-05-02 14:04:01 | DEBUG    | __main__:114 — Cache hit: ENG_CHAMP_1920.csv — skipping download
2026-05-02 14:04:01 | DEBUG    | __main__:114 — Cache hit: ENG_CHAMP_2021.csv — skipping download
2026-05-02 14:04:01 | DEBUG    | __main__:114 — Cache hit: ENG_CHAMP_2122.csv — skipping download
2026-05-02 14:04:01 | DEBUG    | __main__:114 — Cache hit: ENG_CHAMP_2223.csv — skipping download
2026-05-02 14:04:01 | DEBUG    | __main__:114 — Cache hit: ENG_CHAMP_2324.csv — skipping download
2026-05-02 14:04:01 | DEBUG    | __main__:114 — Cache hit: ENG_CHAMP_2425.csv — skipping download
2026-05-02 14:04:01 | DEBUG    | __main__:114 — Cache hit: LA_LIGA_1819.csv — skipping download
2026-05-02 14:04:01 | DEBUG    | __main__:114 — Cache hit: LA_LIGA_1920.csv — skipping download
2026-05-02 14:04:01 | DEBUG    | __main__:114 — Cache hit: LA_LIGA_2021.csv — skipping download
2026-05-02 14:04:01 | DEBUG    | __main__:114 — Cache hit: LA_LIGA_2122.csv — skipping download
2026-05-02 14:04:01 | DEBUG    | __main__:114 — Cache hit: LA_LIGA_2223.csv — skipping download
2026-05-02 14:04:01 | DEBUG    | __main__:114 — Cache hit: LA_LIGA_2324.csv — skipping download
2026-05-02 14:04:01 | DEBUG    | __main__:114 — Cache hit: LA_LIGA_2425.csv — skipping download
2026-05-02 14:04:01 | DEBUG    | __main__:114 — Cache hit: SERIE_A_1819.csv — skipping download
2026-05-02 14:04:01 | DEBUG    | __main__:114 — Cache hit: SERIE_A_1920.csv — skipping download
2026-05-02 14:04:01 | DEBUG    | __main__:114 — Cache hit: SERIE_A_2021.csv — skipping download
2026-05-02 14:04:01 | DEBUG    | __main__:114 — Cache hit: SERIE_A_2122.csv — skipping download
2026-05-02 14:04:01 | DEBUG    | __main__:114 — Cache hit: SERIE_A_2223.csv — skipping download
2026-05-02 14:04:01 | DEBUG    | __main__:114 — Cache hit: SERIE_A_2324.csv — skipping download
2026-05-02 14:04:01 | DEBUG    | __main__:114 — Cache hit: SERIE_A_2425.csv — skipping download
2026-05-02 14:04:01 | DEBUG    | __main__:114 — Cache hit: LIGUE_1_1819.csv — skipping download
2026-05-02 14:04:01 | DEBUG    | __main__:114 — Cache hit: LIGUE_1_1920.csv — skipping download
2026-05-02 14:04:01 | DEBUG    | __main__:114 — Cache hit: LIGUE_1_2021.csv — skipping download
2026-05-02 14:04:01 | DEBUG    | __main__:114 — Cache hit: LIGUE_1_2122.csv — skipping download
2026-05-02 14:04:01 | DEBUG    | __main__:114 — Cache hit: LIGUE_1_2223.csv — skipping download
2026-05-02 14:04:01 | DEBUG    | __main__:114 — Cache hit: LIGUE_1_2324.csv — skipping download
2026-05-02 14:04:01 | DEBUG    | __main__:114 — Cache hit: LIGUE_1_2425.csv — skipping download
2026-05-02 14:04:01 | INFO     | __main__:425 — Download complete: 35/35 files successfully obtained
2026-05-02 14:04:01 | INFO     | __main__:462 — Parsing downloaded CSV files ...
2026-05-02 14:04:01 | DEBUG    | __main__:198 — Raw shape: (380, 62) — EPL_1819.csv
2026-05-02 14:04:01 | DEBUG    | __main__:265 — Parsed: 380 matches — EPL_1819.csv
2026-05-02 14:04:01 | DEBUG    | __main__:198 — Raw shape: (380, 106) — EPL_1920.csv
2026-05-02 14:04:01 | DEBUG    | __main__:265 — Parsed: 380 matches — EPL_1920.csv
2026-05-02 14:04:01 | DEBUG    | __main__:198 — Raw shape: (380, 106) — EPL_2021.csv
2026-05-02 14:04:01 | DEBUG    | __main__:265 — Parsed: 380 matches — EPL_2021.csv
2026-05-02 14:04:01 | DEBUG    | __main__:198 — Raw shape: (380, 106) — EPL_2122.csv
2026-05-02 14:04:01 | DEBUG    | __main__:265 — Parsed: 380 matches — EPL_2122.csv
2026-05-02 14:04:01 | DEBUG    | __main__:198 — Raw shape: (380, 106) — EPL_2223.csv
2026-05-02 14:04:01 | DEBUG    | __main__:265 — Parsed: 380 matches — EPL_2223.csv
2026-05-02 14:04:01 | DEBUG    | __main__:198 — Raw shape: (380, 106) — EPL_2324.csv
2026-05-02 14:04:01 | DEBUG    | __main__:265 — Parsed: 380 matches — EPL_2324.csv
2026-05-02 14:04:01 | DEBUG    | __main__:198 — Raw shape: (380, 120) — EPL_2425.csv
2026-05-02 14:04:01 | DEBUG    | __main__:265 — Parsed: 380 matches — EPL_2425.csv
2026-05-02 14:04:01 | DEBUG    | __main__:198 — Raw shape: (552, 62) — ENG_CHAMP_1819.csv
2026-05-02 14:04:01 | DEBUG    | __main__:265 — Parsed: 552 matches — ENG_CHAMP_1819.csv
2026-05-02 14:04:01 | DEBUG    | __main__:198 — Raw shape: (552, 106) — ENG_CHAMP_1920.csv
2026-05-02 14:04:01 | DEBUG    | __main__:265 — Parsed: 552 matches — ENG_CHAMP_1920.csv
2026-05-02 14:04:01 | DEBUG    | __main__:198 — Raw shape: (552, 106) — ENG_CHAMP_2021.csv
2026-05-02 14:04:01 | DEBUG    | __main__:265 — Parsed: 552 matches — ENG_CHAMP_2021.csv
2026-05-02 14:04:01 | DEBUG    | __main__:198 — Raw shape: (552, 106) — ENG_CHAMP_2122.csv
2026-05-02 14:04:01 | DEBUG    | __main__:265 — Parsed: 552 matches — ENG_CHAMP_2122.csv
2026-05-02 14:04:01 | DEBUG    | __main__:198 — Raw shape: (552, 106) — ENG_CHAMP_2223.csv
2026-05-02 14:04:01 | DEBUG    | __main__:265 — Parsed: 552 matches — ENG_CHAMP_2223.csv
2026-05-02 14:04:01 | DEBUG    | __main__:198 — Raw shape: (552, 106) — ENG_CHAMP_2324.csv
2026-05-02 14:04:01 | DEBUG    | __main__:265 — Parsed: 552 matches — ENG_CHAMP_2324.csv
2026-05-02 14:04:01 | DEBUG    | __main__:198 — Raw shape: (552, 120) — ENG_CHAMP_2425.csv
2026-05-02 14:04:01 | DEBUG    | __main__:265 — Parsed: 552 matches — ENG_CHAMP_2425.csv
2026-05-02 14:04:01 | DEBUG    | __main__:198 — Raw shape: (380, 61) — LA_LIGA_1819.csv
2026-05-02 14:04:01 | DEBUG    | __main__:265 — Parsed: 380 matches — LA_LIGA_1819.csv
2026-05-02 14:04:01 | DEBUG    | __main__:198 — Raw shape: (380, 105) — LA_LIGA_1920.csv
2026-05-02 14:04:01 | DEBUG    | __main__:265 — Parsed: 380 matches — LA_LIGA_1920.csv
2026-05-02 14:04:01 | DEBUG    | __main__:198 — Raw shape: (380, 105) — LA_LIGA_2021.csv
2026-05-02 14:04:01 | DEBUG    | __main__:265 — Parsed: 380 matches — LA_LIGA_2021.csv
2026-05-02 14:04:01 | DEBUG    | __main__:198 — Raw shape: (380, 105) — LA_LIGA_2122.csv
2026-05-02 14:04:01 | DEBUG    | __main__:265 — Parsed: 380 matches — LA_LIGA_2122.csv
2026-05-02 14:04:01 | DEBUG    | __main__:198 — Raw shape: (380, 105) — LA_LIGA_2223.csv
2026-05-02 14:04:01 | DEBUG    | __main__:265 — Parsed: 380 matches — LA_LIGA_2223.csv
2026-05-02 14:04:01 | DEBUG    | __main__:198 — Raw shape: (380, 105) — LA_LIGA_2324.csv
2026-05-02 14:04:01 | DEBUG    | __main__:265 — Parsed: 380 matches — LA_LIGA_2324.csv
2026-05-02 14:04:01 | DEBUG    | __main__:198 — Raw shape: (380, 119) — LA_LIGA_2425.csv
2026-05-02 14:04:01 | DEBUG    | __main__:265 — Parsed: 380 matches — LA_LIGA_2425.csv
2026-05-02 14:04:01 | DEBUG    | __main__:198 — Raw shape: (380, 61) — SERIE_A_1819.csv
2026-05-02 14:04:01 | DEBUG    | __main__:265 — Parsed: 380 matches — SERIE_A_1819.csv
2026-05-02 14:04:01 | DEBUG    | __main__:198 — Raw shape: (380, 105) — SERIE_A_1920.csv
2026-05-02 14:04:01 | DEBUG    | __main__:265 — Parsed: 380 matches — SERIE_A_1920.csv
2026-05-02 14:04:01 | DEBUG    | __main__:198 — Raw shape: (380, 105) — SERIE_A_2021.csv
2026-05-02 14:04:01 | DEBUG    | __main__:265 — Parsed: 380 matches — SERIE_A_2021.csv
2026-05-02 14:04:01 | DEBUG    | __main__:198 — Raw shape: (380, 105) — SERIE_A_2122.csv
2026-05-02 14:04:01 | DEBUG    | __main__:265 — Parsed: 380 matches — SERIE_A_2122.csv
2026-05-02 14:04:01 | DEBUG    | __main__:198 — Raw shape: (380, 105) — SERIE_A_2223.csv
2026-05-02 14:04:01 | DEBUG    | __main__:265 — Parsed: 380 matches — SERIE_A_2223.csv
2026-05-02 14:04:02 | DEBUG    | __main__:198 — Raw shape: (380, 105) — SERIE_A_2324.csv
2026-05-02 14:04:02 | DEBUG    | __main__:265 — Parsed: 380 matches — SERIE_A_2324.csv
2026-05-02 14:04:02 | DEBUG    | __main__:198 — Raw shape: (380, 119) — SERIE_A_2425.csv
2026-05-02 14:04:02 | DEBUG    | __main__:265 — Parsed: 380 matches — SERIE_A_2425.csv
2026-05-02 14:04:02 | DEBUG    | __main__:198 — Raw shape: (380, 61) — LIGUE_1_1819.csv
2026-05-02 14:04:02 | DEBUG    | __main__:265 — Parsed: 380 matches — LIGUE_1_1819.csv
2026-05-02 14:04:02 | DEBUG    | __main__:198 — Raw shape: (279, 105) — LIGUE_1_1920.csv
2026-05-02 14:04:02 | DEBUG    | __main__:265 — Parsed: 279 matches — LIGUE_1_1920.csv
2026-05-02 14:04:02 | DEBUG    | __main__:198 — Raw shape: (380, 105) — LIGUE_1_2021.csv
2026-05-02 14:04:02 | DEBUG    | __main__:265 — Parsed: 380 matches — LIGUE_1_2021.csv
2026-05-02 14:04:02 | DEBUG    | __main__:198 — Raw shape: (380, 105) — LIGUE_1_2122.csv
2026-05-02 14:04:02 | DEBUG    | __main__:265 — Parsed: 380 matches — LIGUE_1_2122.csv
2026-05-02 14:04:02 | DEBUG    | __main__:198 — Raw shape: (380, 105) — LIGUE_1_2223.csv
2026-05-02 14:04:02 | DEBUG    | __main__:265 — Parsed: 380 matches — LIGUE_1_2223.csv
2026-05-02 14:04:02 | DEBUG    | __main__:198 — Raw shape: (306, 105) — LIGUE_1_2324.csv
2026-05-02 14:04:02 | DEBUG    | __main__:265 — Parsed: 306 matches — LIGUE_1_2324.csv
2026-05-02 14:04:02 | DEBUG    | __main__:198 — Raw shape: (306, 119) — LIGUE_1_2425.csv
2026-05-02 14:04:02 | DEBUG    | __main__:265 — Parsed: 306 matches — LIGUE_1_2425.csv
2026-05-02 14:04:02 | INFO     | __main__:486 — Merging 35 DataFrames ...
2026-05-02 14:04:02 | INFO     | __main__:494 — Deriving target variables (BTTS, Over 2.5, Corners) ...
2026-05-02 14:04:02 | INFO     | __main__:498 — Calculating fair odds (removing bookmaker overround) ...
2026-05-02 14:04:02 | DEBUG    | __main__:381 — Fair odds calculated for 14,249 matches. Avg overround: 1.0528
2026-05-02 14:04:02 | INFO     | __main__:572 — ============================================================
2026-05-02 14:04:02 | INFO     | __main__:573 — DATA QUALITY REPORT
2026-05-02 14:04:02 | INFO     | __main__:574 — ============================================================
2026-05-02 14:04:02 | INFO     | __main__:575 — Total matches      : 14,255
2026-05-02 14:04:02 | INFO     | __main__:576 — Date range         : 2018-08-03 → 2025-05-25
2026-05-02 14:04:02 | INFO     | __main__:577 — Columns            : 169
2026-05-02 14:04:02 | INFO     | __main__:578 — Leagues            : 5
2026-05-02 14:04:02 | INFO     | __main__:579 — Seasons            : ['1819', '1920', '2021', '2122', '2223', '2324', '2425']
2026-05-02 14:04:02 | INFO     | __main__:580 — 
2026-05-02 14:04:02 | INFO     | __main__:586 —   ENG_CHAMP    3,864 matches | 43 teams | 7 seasons
2026-05-02 14:04:02 | INFO     | __main__:586 —   EPL          2,660 matches | 29 teams | 7 seasons
2026-05-02 14:04:02 | INFO     | __main__:586 —   LA_LIGA      2,660 matches | 27 teams | 7 seasons
2026-05-02 14:04:02 | INFO     | __main__:586 —   LIGUE_1      2,411 matches | 29 teams | 7 seasons
2026-05-02 14:04:02 | INFO     | __main__:586 —   SERIE_A      2,660 matches | 31 teams | 7 seasons
2026-05-02 14:04:02 | INFO     | __main__:592 — 
2026-05-02 14:04:02 | INFO     | __main__:598 — Columns with missing values:
2026-05-02 14:04:02 | INFO     | __main__:601 —   1XBA                      12,305 (86.3%)
2026-05-02 14:04:02 | INFO     | __main__:601 —   1XBD                      12,305 (86.3%)
2026-05-02 14:04:02 | INFO     | __main__:601 —   1XBH                      12,305 (86.3%)
2026-05-02 14:04:02 | INFO     | __main__:601 —   BFEAHH                    12,287 (86.2%)
2026-05-02 14:04:02 | INFO     | __main__:601 —   BFEAHA                    12,287 (86.2%)
2026-05-02 14:04:02 | INFO     | __main__:601 —   BFE<2.5                   12,282 (86.2%)
2026-05-02 14:04:02 | INFO     | __main__:601 —   BFE>2.5                   12,282 (86.2%)
2026-05-02 14:04:02 | INFO     | __main__:601 —   BFH                       12,259 (86.0%)
2026-05-02 14:04:02 | INFO     | __main__:601 —   BFD                       12,259 (86.0%)
2026-05-02 14:04:02 | INFO     | __main__:601 —   BFA                       12,259 (86.0%)
2026-05-02 14:04:02 | INFO     | __main__:601 —   1XBCA                     12,257 (86.0%)
2026-05-02 14:04:02 | INFO     | __main__:601 —   BFCA                      12,257 (86.0%)
2026-05-02 14:04:02 | INFO     | __main__:601 —   BFCH                      12,257 (86.0%)
2026-05-02 14:04:02 | INFO     | __main__:601 —   1XBCH                     12,257 (86.0%)
2026-05-02 14:04:02 | INFO     | __main__:601 —   1XBCD                     12,257 (86.0%)
2026-05-02 14:04:02 | INFO     | __main__:601 —   BFCD                      12,257 (86.0%)
2026-05-02 14:04:02 | INFO     | __main__:601 —   BFECH                     12,257 (86.0%)
2026-05-02 14:04:02 | INFO     | __main__:601 —   BFECAHA                   12,257 (86.0%)
2026-05-02 14:04:02 | INFO     | __main__:601 —   BFECD                     12,257 (86.0%)
2026-05-02 14:04:02 | INFO     | __main__:601 —   BFEA                      12,257 (86.0%)
2026-05-02 14:04:02 | INFO     | __main__:601 —   BFEH                      12,257 (86.0%)
2026-05-02 14:04:02 | INFO     | __main__:601 —   BFED                      12,257 (86.0%)
2026-05-02 14:04:02 | INFO     | __main__:601 —   BFECAHH                   12,257 (86.0%)
2026-05-02 14:04:02 | INFO     | __main__:601 —   BFEC<2.5                  12,257 (86.0%)
2026-05-02 14:04:02 | INFO     | __main__:601 —   BFEC>2.5                  12,257 (86.0%)
2026-05-02 14:04:02 | INFO     | __main__:601 —   BFECA                     12,257 (86.0%)
2026-05-02 14:04:02 | INFO     | __main__:601 —   BbAH                      12,183 (85.5%)
2026-05-02 14:04:02 | INFO     | __main__:601 —   BbAv<2.5                  12,183 (85.5%)
2026-05-02 14:04:02 | INFO     | __main__:601 —   BbMxD                     12,183 (85.5%)
2026-05-02 14:04:02 | INFO     | __main__:601 —   BbMx<2.5                  12,183 (85.5%)
2026-05-02 14:04:02 | INFO     | __main__:601 —   BbAv>2.5                  12,183 (85.5%)
2026-05-02 14:04:02 | INFO     | __main__:601 —   BbMx>2.5                  12,183 (85.5%)
2026-05-02 14:04:02 | INFO     | __main__:601 —   BbOU                      12,183 (85.5%)
2026-05-02 14:04:02 | INFO     | __main__:601 —   BbAvA                     12,183 (85.5%)
2026-05-02 14:04:02 | INFO     | __main__:601 —   BbMxA                     12,183 (85.5%)
2026-05-02 14:04:02 | INFO     | __main__:601 —   BbAvD                     12,183 (85.5%)
2026-05-02 14:04:02 | INFO     | __main__:601 —   BbAHh                     12,183 (85.5%)
2026-05-02 14:04:02 | INFO     | __main__:601 —   BbAvH                     12,183 (85.5%)
2026-05-02 14:04:02 | INFO     | __main__:601 —   BbMxH                     12,183 (85.5%)
2026-05-02 14:04:02 | INFO     | __main__:601 —   Bb1X2                     12,183 (85.5%)
2026-05-02 14:04:02 | INFO     | __main__:601 —   BbAvAHH                   12,183 (85.5%)
2026-05-02 14:04:02 | INFO     | __main__:601 —   BbMxAHA                   12,183 (85.5%)
2026-05-02 14:04:02 | INFO     | __main__:601 —   BbAvAHA                   12,183 (85.5%)
2026-05-02 14:04:02 | INFO     | __main__:601 —   BbMxAHH                   12,183 (85.5%)
2026-05-02 14:04:02 | INFO     | __main__:601 —   referee                    7,732 (54.2%)
2026-05-02 14:04:02 | INFO     | __main__:601 —   IWCD                       5,056 (35.5%)
2026-05-02 14:04:02 | INFO     | __main__:601 —   IWCH                       5,056 (35.5%)
2026-05-02 14:04:02 | INFO     | __main__:601 —   IWCA                       5,056 (35.5%)
2026-05-02 14:04:02 | INFO     | __main__:601 —   VCCH                       4,070 (28.6%)
2026-05-02 14:04:02 | INFO     | __main__:601 —   VCCD                       4,070 (28.6%)
2026-05-02 14:04:02 | INFO     | __main__:601 —   VCCA                       4,070 (28.6%)
2026-05-02 14:04:02 | INFO     | __main__:601 —   IWA                        2,977 (20.9%)
2026-05-02 14:04:02 | INFO     | __main__:601 —   IWD                        2,977 (20.9%)
2026-05-02 14:04:02 | INFO     | __main__:601 —   IWH                        2,977 (20.9%)
2026-05-02 14:04:02 | INFO     | __main__:601 —   BWCH                       2,862 (20.1%)
2026-05-02 14:04:02 | INFO     | __main__:601 —   BWCD                       2,862 (20.1%)
2026-05-02 14:04:02 | INFO     | __main__:601 —   BWCA                       2,862 (20.1%)
2026-05-02 14:04:02 | INFO     | __main__:601 —   WHCD                       2,524 (17.7%)
2026-05-02 14:04:02 | INFO     | __main__:601 —   WHCH                       2,524 (17.7%)
2026-05-02 14:04:02 | INFO     | __main__:601 —   WHCA                       2,524 (17.7%)
2026-05-02 14:04:02 | INFO     | __main__:601 —   P<2.5                      2,107 (14.8%)
2026-05-02 14:04:02 | INFO     | __main__:601 —   P>2.5                      2,107 (14.8%)
2026-05-02 14:04:02 | INFO     | __main__:601 —   PC<2.5                     2,092 (14.7%)
2026-05-02 14:04:02 | INFO     | __main__:601 —   PC>2.5                     2,092 (14.7%)
2026-05-02 14:04:02 | INFO     | __main__:601 —   B365AHH                    2,089 (14.7%)
2026-05-02 14:04:02 | INFO     | __main__:601 —   B365AHA                    2,089 (14.7%)
2026-05-02 14:04:02 | INFO     | __main__:601 —   PAHH                       2,084 (14.6%)
2026-05-02 14:04:02 | INFO     | __main__:601 —   PAHA                       2,084 (14.6%)
2026-05-02 14:04:02 | INFO     | __main__:601 —   odds_over_25               2,082 (14.6%)
2026-05-02 14:04:02 | INFO     | __main__:601 —   odds_under_25              2,082 (14.6%)
2026-05-02 14:04:02 | INFO     | __main__:601 —   AvgAHH                     2,074 (14.5%)
2026-05-02 14:04:02 | INFO     | __main__:601 —   PCAHA                      2,074 (14.5%)
2026-05-02 14:04:02 | INFO     | __main__:601 —   PCAHH                      2,074 (14.5%)
2026-05-02 14:04:02 | INFO     | __main__:601 —   B365CAHA                   2,074 (14.5%)
2026-05-02 14:04:02 | INFO     | __main__:601 —   B365CAHH                   2,074 (14.5%)
2026-05-02 14:04:02 | INFO     | __main__:601 —   AvgAHA                     2,074 (14.5%)
2026-05-02 14:04:02 | INFO     | __main__:601 —   MaxAHH                     2,074 (14.5%)
2026-05-02 14:04:02 | INFO     | __main__:601 —   MaxAHA                     2,074 (14.5%)
2026-05-02 14:04:02 | INFO     | __main__:601 —   AHh                        2,074 (14.5%)
2026-05-02 14:04:02 | INFO     | __main__:601 —   Max>2.5                    2,074 (14.5%)
2026-05-02 14:04:02 | INFO     | __main__:601 —   Max<2.5                    2,074 (14.5%)
2026-05-02 14:04:02 | INFO     | __main__:601 —   Avg>2.5                    2,074 (14.5%)
2026-05-02 14:04:02 | INFO     | __main__:601 —   Avg<2.5                    2,074 (14.5%)
2026-05-02 14:04:02 | INFO     | __main__:601 —   MaxD                       2,073 (14.5%)
2026-05-02 14:04:02 | INFO     | __main__:601 —   B365CH                     2,073 (14.5%)
2026-05-02 14:04:02 | INFO     | __main__:601 —   B365C>2.5                  2,073 (14.5%)
2026-05-02 14:04:02 | INFO     | __main__:601 —   B365CA                     2,073 (14.5%)
2026-05-02 14:04:02 | INFO     | __main__:601 —   MaxH                       2,073 (14.5%)
2026-05-02 14:04:02 | INFO     | __main__:601 —   MaxA                       2,073 (14.5%)
2026-05-02 14:04:02 | INFO     | __main__:601 —   AvgH                       2,073 (14.5%)
2026-05-02 14:04:02 | INFO     | __main__:601 —   B365CD                     2,073 (14.5%)
2026-05-02 14:04:02 | INFO     | __main__:601 —   AvgD                       2,073 (14.5%)
2026-05-02 14:04:02 | INFO     | __main__:601 —   AvgA                       2,073 (14.5%)
2026-05-02 14:04:02 | INFO     | __main__:601 —   MaxCAHH                    2,073 (14.5%)
2026-05-02 14:04:02 | INFO     | __main__:601 —   MaxCAHA                    2,073 (14.5%)
2026-05-02 14:04:02 | INFO     | __main__:601 —   B365C<2.5                  2,073 (14.5%)
2026-05-02 14:04:02 | INFO     | __main__:601 —   AHCh                       2,072 (14.5%)
2026-05-02 14:04:02 | INFO     | __main__:601 —   AvgC<2.5                   2,072 (14.5%)
2026-05-02 14:04:02 | INFO     | __main__:601 —   AvgC>2.5                   2,072 (14.5%)
2026-05-02 14:04:02 | INFO     | __main__:601 —   MaxC>2.5                   2,072 (14.5%)
2026-05-02 14:04:02 | INFO     | __main__:601 —   AvgCAHH                    2,072 (14.5%)
2026-05-02 14:04:02 | INFO     | __main__:601 —   AvgCAHA                    2,072 (14.5%)
2026-05-02 14:04:02 | INFO     | __main__:601 —   MaxC<2.5                   2,072 (14.5%)
2026-05-02 14:04:02 | INFO     | __main__:601 —   AvgCA                      2,072 (14.5%)
2026-05-02 14:04:02 | INFO     | __main__:601 —   MaxCH                      2,072 (14.5%)
2026-05-02 14:04:02 | INFO     | __main__:601 —   Time                       2,072 (14.5%)
2026-05-02 14:04:02 | INFO     | __main__:601 —   AvgCD                      2,072 (14.5%)
2026-05-02 14:04:02 | INFO     | __main__:601 —   MaxCD                      2,072 (14.5%)
2026-05-02 14:04:02 | INFO     | __main__:601 —   MaxCA                      2,072 (14.5%)
2026-05-02 14:04:02 | INFO     | __main__:601 —   AvgCH                      2,072 (14.5%)
2026-05-02 14:04:02 | INFO     | __main__:601 —   VCA                        2,003 (14.1%)
2026-05-02 14:04:02 | INFO     | __main__:601 —   VCH                        2,003 (14.1%)
2026-05-02 14:04:02 | INFO     | __main__:601 —   VCD                        2,003 (14.1%)
2026-05-02 14:04:02 | INFO     | __main__:601 —   BWH                          771 (5.4%)
2026-05-02 14:04:02 | INFO     | __main__:601 —   BWD                          771 (5.4%)
2026-05-02 14:04:02 | INFO     | __main__:601 —   BWA                          771 (5.4%)
2026-05-02 14:04:02 | INFO     | __main__:601 —   WHA                          458 (3.2%)
2026-05-02 14:04:02 | INFO     | __main__:601 —   WHD                          458 (3.2%)
2026-05-02 14:04:02 | INFO     | __main__:601 —   WHH                          458 (3.2%)
2026-05-02 14:04:02 | INFO     | __main__:601 —   PSH                           12 (0.1%)
2026-05-02 14:04:02 | INFO     | __main__:601 —   PSA                           12 (0.1%)
2026-05-02 14:04:02 | INFO     | __main__:601 —   PSD                           12 (0.1%)
2026-05-02 14:04:02 | INFO     | __main__:601 —   implied_prob_home              6 (0.0%)
2026-05-02 14:04:02 | INFO     | __main__:601 —   implied_prob_draw              6 (0.0%)
2026-05-02 14:04:02 | INFO     | __main__:601 —   implied_prob_away              6 (0.0%)
2026-05-02 14:04:02 | INFO     | __main__:601 —   overround                      6 (0.0%)
2026-05-02 14:04:02 | INFO     | __main__:601 —   fair_prob_home                 6 (0.0%)
2026-05-02 14:04:02 | INFO     | __main__:601 —   fair_prob_draw                 6 (0.0%)
2026-05-02 14:04:02 | INFO     | __main__:601 —   fair_prob_away                 6 (0.0%)
2026-05-02 14:04:02 | INFO     | __main__:601 —   odds_away                      5 (0.0%)
2026-05-02 14:04:02 | INFO     | __main__:601 —   odds_draw                      5 (0.0%)
2026-05-02 14:04:02 | INFO     | __main__:601 —   odds_home                      5 (0.0%)
2026-05-02 14:04:02 | INFO     | __main__:601 —   PSCD                           2 (0.0%)
2026-05-02 14:04:02 | INFO     | __main__:601 —   PSCH                           2 (0.0%)
2026-05-02 14:04:02 | INFO     | __main__:601 —   PSCA                           2 (0.0%)
2026-05-02 14:04:02 | INFO     | __main__:601 —   ht_away_goals                  1 (0.0%)
2026-05-02 14:04:02 | INFO     | __main__:601 —   total_corners                  1 (0.0%)
2026-05-02 14:04:02 | INFO     | __main__:601 —   ht_result                      1 (0.0%)
2026-05-02 14:04:02 | INFO     | __main__:601 —   home_shots                     1 (0.0%)
2026-05-02 14:04:02 | INFO     | __main__:601 —   away_shots                     1 (0.0%)
2026-05-02 14:04:02 | INFO     | __main__:601 —   home_shots_ot                  1 (0.0%)
2026-05-02 14:04:02 | INFO     | __main__:601 —   away_shots_ot                  1 (0.0%)
2026-05-02 14:04:02 | INFO     | __main__:601 —   HF                             1 (0.0%)
2026-05-02 14:04:02 | INFO     | __main__:601 —   away_corners                   1 (0.0%)
2026-05-02 14:04:02 | INFO     | __main__:601 —   AF                             1 (0.0%)
2026-05-02 14:04:02 | INFO     | __main__:601 —   home_corners                   1 (0.0%)
2026-05-02 14:04:02 | INFO     | __main__:601 —   home_yellows                   1 (0.0%)
2026-05-02 14:04:02 | INFO     | __main__:601 —   away_yellows                   1 (0.0%)
2026-05-02 14:04:02 | INFO     | __main__:601 —   home_reds                      1 (0.0%)
2026-05-02 14:04:02 | INFO     | __main__:601 —   away_reds                      1 (0.0%)
2026-05-02 14:04:02 | INFO     | __main__:601 —   ht_home_goals                  1 (0.0%)
2026-05-02 14:04:02 | INFO     | __main__:605 — 
2026-05-02 14:04:02 | INFO     | __main__:611 — Result distribution:
2026-05-02 14:04:02 | INFO     | __main__:615 —   Home Win (H)        6,152 (43.2%)
2026-05-02 14:04:02 | INFO     | __main__:615 —   Draw (D)            3,667 (25.7%)
2026-05-02 14:04:02 | INFO     | __main__:615 —   Away Win (A)        4,436 (31.1%)
2026-05-02 14:04:02 | INFO     | __main__:619 — BTTS Yes rate      : 52.5%
2026-05-02 14:04:02 | INFO     | __main__:623 — Over 2.5 rate      : 50.2%
2026-05-02 14:04:02 | INFO     | __main__:627 — Bet365 odds coverage: 100.0%
2026-05-02 14:04:02 | INFO     | __main__:629 — ============================================================
2026-05-02 14:04:02 | SUCCESS  | __main__:504 — Master DataFrame built: 14,255 matches, 169 columns
2026-05-02 14:04:02 | SUCCESS  | __main__:522 — Saved master: /home/afshin/learning/files/data/processed/master.parquet (1704.2 KB)
2026-05-02 14:04:02 | DEBUG    | __main__:529 — Saved ENG_CHAMP: 3,864 matches → ENG_CHAMP_master.parquet
2026-05-02 14:04:02 | DEBUG    | __main__:529 — Saved EPL: 2,660 matches → EPL_master.parquet
2026-05-02 14:04:03 | DEBUG    | __main__:529 — Saved LIGUE_1: 2,411 matches → LIGUE_1_master.parquet
2026-05-02 14:04:03 | DEBUG    | __main__:529 — Saved LA_LIGA: 2,660 matches → LA_LIGA_master.parquet
2026-05-02 14:04:03 | DEBUG    | __main__:529 — Saved SERIE_A: 2,660 matches → SERIE_A_master.parquet
2026-05-02 14:04:03 | SUCCESS  | __main__:690 — All done. Run notebook 01_data_exploration.ipynb to explore the data.
2026-05-02 14:08:49 | INFO     | __main__:413 — Starting download: 5 leagues × 7 seasons = 35 files
2026-05-02 14:08:49 | DEBUG    | __main__:114 — Cache hit: EPL_1819.csv — skipping download
2026-05-02 14:08:49 | DEBUG    | __main__:114 — Cache hit: EPL_1920.csv — skipping download
2026-05-02 14:08:49 | DEBUG    | __main__:114 — Cache hit: EPL_2021.csv — skipping download
2026-05-02 14:08:49 | DEBUG    | __main__:114 — Cache hit: EPL_2122.csv — skipping download
2026-05-02 14:08:49 | DEBUG    | __main__:114 — Cache hit: EPL_2223.csv — skipping download
2026-05-02 14:08:49 | DEBUG    | __main__:114 — Cache hit: EPL_2324.csv — skipping download
2026-05-02 14:08:49 | DEBUG    | __main__:114 — Cache hit: EPL_2425.csv — skipping download
2026-05-02 14:08:49 | DEBUG    | __main__:114 — Cache hit: ENG_CHAMP_1819.csv — skipping download
2026-05-02 14:08:49 | DEBUG    | __main__:114 — Cache hit: ENG_CHAMP_1920.csv — skipping download
2026-05-02 14:08:49 | DEBUG    | __main__:114 — Cache hit: ENG_CHAMP_2021.csv — skipping download
2026-05-02 14:08:49 | DEBUG    | __main__:114 — Cache hit: ENG_CHAMP_2122.csv — skipping download
2026-05-02 14:08:49 | DEBUG    | __main__:114 — Cache hit: ENG_CHAMP_2223.csv — skipping download
2026-05-02 14:08:49 | DEBUG    | __main__:114 — Cache hit: ENG_CHAMP_2324.csv — skipping download
2026-05-02 14:08:49 | DEBUG    | __main__:114 — Cache hit: ENG_CHAMP_2425.csv — skipping download
2026-05-02 14:08:49 | DEBUG    | __main__:114 — Cache hit: LA_LIGA_1819.csv — skipping download
2026-05-02 14:08:49 | DEBUG    | __main__:114 — Cache hit: LA_LIGA_1920.csv — skipping download
2026-05-02 14:08:49 | DEBUG    | __main__:114 — Cache hit: LA_LIGA_2021.csv — skipping download
2026-05-02 14:08:49 | DEBUG    | __main__:114 — Cache hit: LA_LIGA_2122.csv — skipping download
2026-05-02 14:08:49 | DEBUG    | __main__:114 — Cache hit: LA_LIGA_2223.csv — skipping download
2026-05-02 14:08:49 | DEBUG    | __main__:114 — Cache hit: LA_LIGA_2324.csv — skipping download
2026-05-02 14:08:49 | DEBUG    | __main__:114 — Cache hit: LA_LIGA_2425.csv — skipping download
2026-05-02 14:08:49 | DEBUG    | __main__:114 — Cache hit: SERIE_A_1819.csv — skipping download
2026-05-02 14:08:49 | DEBUG    | __main__:114 — Cache hit: SERIE_A_1920.csv — skipping download
2026-05-02 14:08:49 | DEBUG    | __main__:114 — Cache hit: SERIE_A_2021.csv — skipping download
2026-05-02 14:08:49 | DEBUG    | __main__:114 — Cache hit: SERIE_A_2122.csv — skipping download
2026-05-02 14:08:49 | DEBUG    | __main__:114 — Cache hit: SERIE_A_2223.csv — skipping download
2026-05-02 14:08:49 | DEBUG    | __main__:114 — Cache hit: SERIE_A_2324.csv — skipping download
2026-05-02 14:08:49 | DEBUG    | __main__:114 — Cache hit: SERIE_A_2425.csv — skipping download
2026-05-02 14:08:49 | DEBUG    | __main__:114 — Cache hit: LIGUE_1_1819.csv — skipping download
2026-05-02 14:08:49 | DEBUG    | __main__:114 — Cache hit: LIGUE_1_1920.csv — skipping download
2026-05-02 14:08:49 | DEBUG    | __main__:114 — Cache hit: LIGUE_1_2021.csv — skipping download
2026-05-02 14:08:49 | DEBUG    | __main__:114 — Cache hit: LIGUE_1_2122.csv — skipping download
2026-05-02 14:08:49 | DEBUG    | __main__:114 — Cache hit: LIGUE_1_2223.csv — skipping download
2026-05-02 14:08:49 | DEBUG    | __main__:114 — Cache hit: LIGUE_1_2324.csv — skipping download
2026-05-02 14:08:49 | DEBUG    | __main__:114 — Cache hit: LIGUE_1_2425.csv — skipping download
2026-05-02 14:08:49 | INFO     | __main__:425 — Download complete: 35/35 files successfully obtained
2026-05-02 14:08:49 | INFO     | __main__:462 — Parsing downloaded CSV files ...
2026-05-02 14:08:49 | DEBUG    | __main__:198 — Raw shape: (380, 62) — EPL_1819.csv
2026-05-02 14:08:49 | DEBUG    | __main__:265 — Parsed: 380 matches — EPL_1819.csv
2026-05-02 14:08:50 | DEBUG    | __main__:198 — Raw shape: (380, 106) — EPL_1920.csv
2026-05-02 14:08:50 | DEBUG    | __main__:265 — Parsed: 380 matches — EPL_1920.csv
2026-05-02 14:08:50 | DEBUG    | __main__:198 — Raw shape: (380, 106) — EPL_2021.csv
2026-05-02 14:08:50 | DEBUG    | __main__:265 — Parsed: 380 matches — EPL_2021.csv
2026-05-02 14:08:50 | DEBUG    | __main__:198 — Raw shape: (380, 106) — EPL_2122.csv
2026-05-02 14:08:50 | DEBUG    | __main__:265 — Parsed: 380 matches — EPL_2122.csv
2026-05-02 14:08:50 | DEBUG    | __main__:198 — Raw shape: (380, 106) — EPL_2223.csv
2026-05-02 14:08:50 | DEBUG    | __main__:265 — Parsed: 380 matches — EPL_2223.csv
2026-05-02 14:08:50 | DEBUG    | __main__:198 — Raw shape: (380, 106) — EPL_2324.csv
2026-05-02 14:08:50 | DEBUG    | __main__:265 — Parsed: 380 matches — EPL_2324.csv
2026-05-02 14:08:50 | DEBUG    | __main__:198 — Raw shape: (380, 120) — EPL_2425.csv
2026-05-02 14:08:50 | DEBUG    | __main__:265 — Parsed: 380 matches — EPL_2425.csv
2026-05-02 14:08:50 | DEBUG    | __main__:198 — Raw shape: (552, 62) — ENG_CHAMP_1819.csv
2026-05-02 14:08:50 | DEBUG    | __main__:265 — Parsed: 552 matches — ENG_CHAMP_1819.csv
2026-05-02 14:08:50 | DEBUG    | __main__:198 — Raw shape: (552, 106) — ENG_CHAMP_1920.csv
2026-05-02 14:08:50 | DEBUG    | __main__:265 — Parsed: 552 matches — ENG_CHAMP_1920.csv
2026-05-02 14:08:50 | DEBUG    | __main__:198 — Raw shape: (552, 106) — ENG_CHAMP_2021.csv
2026-05-02 14:08:50 | DEBUG    | __main__:265 — Parsed: 552 matches — ENG_CHAMP_2021.csv
2026-05-02 14:08:50 | DEBUG    | __main__:198 — Raw shape: (552, 106) — ENG_CHAMP_2122.csv
2026-05-02 14:08:50 | DEBUG    | __main__:265 — Parsed: 552 matches — ENG_CHAMP_2122.csv
2026-05-02 14:08:50 | DEBUG    | __main__:198 — Raw shape: (552, 106) — ENG_CHAMP_2223.csv
2026-05-02 14:08:50 | DEBUG    | __main__:265 — Parsed: 552 matches — ENG_CHAMP_2223.csv
2026-05-02 14:08:50 | DEBUG    | __main__:198 — Raw shape: (552, 106) — ENG_CHAMP_2324.csv
2026-05-02 14:08:50 | DEBUG    | __main__:265 — Parsed: 552 matches — ENG_CHAMP_2324.csv
2026-05-02 14:08:50 | DEBUG    | __main__:198 — Raw shape: (552, 120) — ENG_CHAMP_2425.csv
2026-05-02 14:08:50 | DEBUG    | __main__:265 — Parsed: 552 matches — ENG_CHAMP_2425.csv
2026-05-02 14:08:50 | DEBUG    | __main__:198 — Raw shape: (380, 61) — LA_LIGA_1819.csv
2026-05-02 14:08:50 | DEBUG    | __main__:265 — Parsed: 380 matches — LA_LIGA_1819.csv
2026-05-02 14:08:50 | DEBUG    | __main__:198 — Raw shape: (380, 105) — LA_LIGA_1920.csv
2026-05-02 14:08:50 | DEBUG    | __main__:265 — Parsed: 380 matches — LA_LIGA_1920.csv
2026-05-02 14:08:50 | DEBUG    | __main__:198 — Raw shape: (380, 105) — LA_LIGA_2021.csv
2026-05-02 14:08:50 | DEBUG    | __main__:265 — Parsed: 380 matches — LA_LIGA_2021.csv
2026-05-02 14:08:50 | DEBUG    | __main__:198 — Raw shape: (380, 105) — LA_LIGA_2122.csv
2026-05-02 14:08:50 | DEBUG    | __main__:265 — Parsed: 380 matches — LA_LIGA_2122.csv
2026-05-02 14:08:50 | DEBUG    | __main__:198 — Raw shape: (380, 105) — LA_LIGA_2223.csv
2026-05-02 14:08:50 | DEBUG    | __main__:265 — Parsed: 380 matches — LA_LIGA_2223.csv
2026-05-02 14:08:51 | DEBUG    | __main__:198 — Raw shape: (380, 105) — LA_LIGA_2324.csv
2026-05-02 14:08:51 | DEBUG    | __main__:265 — Parsed: 380 matches — LA_LIGA_2324.csv
2026-05-02 14:08:51 | DEBUG    | __main__:198 — Raw shape: (380, 119) — LA_LIGA_2425.csv
2026-05-02 14:08:51 | DEBUG    | __main__:265 — Parsed: 380 matches — LA_LIGA_2425.csv
2026-05-02 14:08:51 | DEBUG    | __main__:198 — Raw shape: (380, 61) — SERIE_A_1819.csv
2026-05-02 14:08:51 | DEBUG    | __main__:265 — Parsed: 380 matches — SERIE_A_1819.csv
2026-05-02 14:08:51 | DEBUG    | __main__:198 — Raw shape: (380, 105) — SERIE_A_1920.csv
2026-05-02 14:08:51 | DEBUG    | __main__:265 — Parsed: 380 matches — SERIE_A_1920.csv
2026-05-02 14:08:51 | DEBUG    | __main__:198 — Raw shape: (380, 105) — SERIE_A_2021.csv
2026-05-02 14:08:51 | DEBUG    | __main__:265 — Parsed: 380 matches — SERIE_A_2021.csv
2026-05-02 14:08:51 | DEBUG    | __main__:198 — Raw shape: (380, 105) — SERIE_A_2122.csv
2026-05-02 14:08:51 | DEBUG    | __main__:265 — Parsed: 380 matches — SERIE_A_2122.csv
2026-05-02 14:08:51 | DEBUG    | __main__:198 — Raw shape: (380, 105) — SERIE_A_2223.csv
2026-05-02 14:08:51 | DEBUG    | __main__:265 — Parsed: 380 matches — SERIE_A_2223.csv
2026-05-02 14:08:51 | DEBUG    | __main__:198 — Raw shape: (380, 105) — SERIE_A_2324.csv
2026-05-02 14:08:51 | DEBUG    | __main__:265 — Parsed: 380 matches — SERIE_A_2324.csv
2026-05-02 14:08:51 | DEBUG    | __main__:198 — Raw shape: (380, 119) — SERIE_A_2425.csv
2026-05-02 14:08:51 | DEBUG    | __main__:265 — Parsed: 380 matches — SERIE_A_2425.csv
2026-05-02 14:08:51 | DEBUG    | __main__:198 — Raw shape: (380, 61) — LIGUE_1_1819.csv
2026-05-02 14:08:51 | DEBUG    | __main__:265 — Parsed: 380 matches — LIGUE_1_1819.csv
2026-05-02 14:08:51 | DEBUG    | __main__:198 — Raw shape: (279, 105) — LIGUE_1_1920.csv
2026-05-02 14:08:51 | DEBUG    | __main__:265 — Parsed: 279 matches — LIGUE_1_1920.csv
2026-05-02 14:08:51 | DEBUG    | __main__:198 — Raw shape: (380, 105) — LIGUE_1_2021.csv
2026-05-02 14:08:51 | DEBUG    | __main__:265 — Parsed: 380 matches — LIGUE_1_2021.csv
2026-05-02 14:08:51 | DEBUG    | __main__:198 — Raw shape: (380, 105) — LIGUE_1_2122.csv
2026-05-02 14:08:51 | DEBUG    | __main__:265 — Parsed: 380 matches — LIGUE_1_2122.csv
2026-05-02 14:08:51 | DEBUG    | __main__:198 — Raw shape: (380, 105) — LIGUE_1_2223.csv
2026-05-02 14:08:51 | DEBUG    | __main__:265 — Parsed: 380 matches — LIGUE_1_2223.csv
2026-05-02 14:08:51 | DEBUG    | __main__:198 — Raw shape: (306, 105) — LIGUE_1_2324.csv
2026-05-02 14:08:51 | DEBUG    | __main__:265 — Parsed: 306 matches — LIGUE_1_2324.csv
2026-05-02 14:08:51 | DEBUG    | __main__:198 — Raw shape: (306, 119) — LIGUE_1_2425.csv
2026-05-02 14:08:51 | DEBUG    | __main__:265 — Parsed: 306 matches — LIGUE_1_2425.csv
2026-05-02 14:08:51 | INFO     | __main__:486 — Merging 35 DataFrames ...
2026-05-02 14:08:51 | INFO     | __main__:494 — Deriving target variables (BTTS, Over 2.5, Corners) ...
2026-05-02 14:08:51 | INFO     | __main__:498 — Calculating fair odds (removing bookmaker overround) ...
2026-05-02 14:08:51 | DEBUG    | __main__:381 — Fair odds calculated for 14,249 matches. Avg overround: 1.0528
2026-05-02 14:08:51 | INFO     | __main__:572 — ============================================================
2026-05-02 14:08:51 | INFO     | __main__:573 — DATA QUALITY REPORT
2026-05-02 14:08:51 | INFO     | __main__:574 — ============================================================
2026-05-02 14:08:51 | INFO     | __main__:575 — Total matches      : 14,255
2026-05-02 14:08:51 | INFO     | __main__:576 — Date range         : 2018-08-03 → 2025-05-25
2026-05-02 14:08:51 | INFO     | __main__:577 — Columns            : 169
2026-05-02 14:08:51 | INFO     | __main__:578 — Leagues            : 5
2026-05-02 14:08:51 | INFO     | __main__:579 — Seasons            : ['1819', '1920', '2021', '2122', '2223', '2324', '2425']
2026-05-02 14:08:51 | INFO     | __main__:580 — 
2026-05-02 14:08:51 | INFO     | __main__:586 —   ENG_CHAMP    3,864 matches | 43 teams | 7 seasons
2026-05-02 14:08:51 | INFO     | __main__:586 —   EPL          2,660 matches | 29 teams | 7 seasons
2026-05-02 14:08:51 | INFO     | __main__:586 —   LA_LIGA      2,660 matches | 27 teams | 7 seasons
2026-05-02 14:08:51 | INFO     | __main__:586 —   LIGUE_1      2,411 matches | 29 teams | 7 seasons
2026-05-02 14:08:51 | INFO     | __main__:586 —   SERIE_A      2,660 matches | 31 teams | 7 seasons
2026-05-02 14:08:51 | INFO     | __main__:592 — 
2026-05-02 14:08:51 | INFO     | __main__:598 — Columns with missing values:
2026-05-02 14:08:51 | INFO     | __main__:601 —   1XBA                      12,305 (86.3%)
2026-05-02 14:08:51 | INFO     | __main__:601 —   1XBD                      12,305 (86.3%)
2026-05-02 14:08:51 | INFO     | __main__:601 —   1XBH                      12,305 (86.3%)
2026-05-02 14:08:51 | INFO     | __main__:601 —   BFEAHH                    12,287 (86.2%)
2026-05-02 14:08:51 | INFO     | __main__:601 —   BFEAHA                    12,287 (86.2%)
2026-05-02 14:08:51 | INFO     | __main__:601 —   BFE<2.5                   12,282 (86.2%)
2026-05-02 14:08:51 | INFO     | __main__:601 —   BFE>2.5                   12,282 (86.2%)
2026-05-02 14:08:51 | INFO     | __main__:601 —   BFH                       12,259 (86.0%)
2026-05-02 14:08:51 | INFO     | __main__:601 —   BFD                       12,259 (86.0%)
2026-05-02 14:08:51 | INFO     | __main__:601 —   BFA                       12,259 (86.0%)
2026-05-02 14:08:51 | INFO     | __main__:601 —   1XBCA                     12,257 (86.0%)
2026-05-02 14:08:51 | INFO     | __main__:601 —   BFCA                      12,257 (86.0%)
2026-05-02 14:08:51 | INFO     | __main__:601 —   BFCH                      12,257 (86.0%)
2026-05-02 14:08:51 | INFO     | __main__:601 —   1XBCH                     12,257 (86.0%)
2026-05-02 14:08:51 | INFO     | __main__:601 —   1XBCD                     12,257 (86.0%)
2026-05-02 14:08:51 | INFO     | __main__:601 —   BFCD                      12,257 (86.0%)
2026-05-02 14:08:51 | INFO     | __main__:601 —   BFECH                     12,257 (86.0%)
2026-05-02 14:08:51 | INFO     | __main__:601 —   BFECAHA                   12,257 (86.0%)
2026-05-02 14:08:51 | INFO     | __main__:601 —   BFECD                     12,257 (86.0%)
2026-05-02 14:08:51 | INFO     | __main__:601 —   BFEA                      12,257 (86.0%)
2026-05-02 14:08:51 | INFO     | __main__:601 —   BFEH                      12,257 (86.0%)
2026-05-02 14:08:51 | INFO     | __main__:601 —   BFED                      12,257 (86.0%)
2026-05-02 14:08:51 | INFO     | __main__:601 —   BFECAHH                   12,257 (86.0%)
2026-05-02 14:08:51 | INFO     | __main__:601 —   BFEC<2.5                  12,257 (86.0%)
2026-05-02 14:08:51 | INFO     | __main__:601 —   BFEC>2.5                  12,257 (86.0%)
2026-05-02 14:08:51 | INFO     | __main__:601 —   BFECA                     12,257 (86.0%)
2026-05-02 14:08:51 | INFO     | __main__:601 —   BbAH                      12,183 (85.5%)
2026-05-02 14:08:51 | INFO     | __main__:601 —   BbAv<2.5                  12,183 (85.5%)
2026-05-02 14:08:51 | INFO     | __main__:601 —   BbMxD                     12,183 (85.5%)
2026-05-02 14:08:51 | INFO     | __main__:601 —   BbMx<2.5                  12,183 (85.5%)
2026-05-02 14:08:51 | INFO     | __main__:601 —   BbAv>2.5                  12,183 (85.5%)
2026-05-02 14:08:51 | INFO     | __main__:601 —   BbMx>2.5                  12,183 (85.5%)
2026-05-02 14:08:51 | INFO     | __main__:601 —   BbOU                      12,183 (85.5%)
2026-05-02 14:08:51 | INFO     | __main__:601 —   BbAvA                     12,183 (85.5%)
2026-05-02 14:08:51 | INFO     | __main__:601 —   BbMxA                     12,183 (85.5%)
2026-05-02 14:08:51 | INFO     | __main__:601 —   BbAvD                     12,183 (85.5%)
2026-05-02 14:08:51 | INFO     | __main__:601 —   BbAHh                     12,183 (85.5%)
2026-05-02 14:08:51 | INFO     | __main__:601 —   BbAvH                     12,183 (85.5%)
2026-05-02 14:08:51 | INFO     | __main__:601 —   BbMxH                     12,183 (85.5%)
2026-05-02 14:08:51 | INFO     | __main__:601 —   Bb1X2                     12,183 (85.5%)
2026-05-02 14:08:51 | INFO     | __main__:601 —   BbAvAHH                   12,183 (85.5%)
2026-05-02 14:08:51 | INFO     | __main__:601 —   BbMxAHA                   12,183 (85.5%)
2026-05-02 14:08:51 | INFO     | __main__:601 —   BbAvAHA                   12,183 (85.5%)
2026-05-02 14:08:51 | INFO     | __main__:601 —   BbMxAHH                   12,183 (85.5%)
2026-05-02 14:08:51 | INFO     | __main__:601 —   referee                    7,732 (54.2%)
2026-05-02 14:08:51 | INFO     | __main__:601 —   IWCD                       5,056 (35.5%)
2026-05-02 14:08:51 | INFO     | __main__:601 —   IWCH                       5,056 (35.5%)
2026-05-02 14:08:51 | INFO     | __main__:601 —   IWCA                       5,056 (35.5%)
2026-05-02 14:08:51 | INFO     | __main__:601 —   VCCH                       4,070 (28.6%)
2026-05-02 14:08:51 | INFO     | __main__:601 —   VCCD                       4,070 (28.6%)
2026-05-02 14:08:51 | INFO     | __main__:601 —   VCCA                       4,070 (28.6%)
2026-05-02 14:08:51 | INFO     | __main__:601 —   IWA                        2,977 (20.9%)
2026-05-02 14:08:51 | INFO     | __main__:601 —   IWD                        2,977 (20.9%)
2026-05-02 14:08:51 | INFO     | __main__:601 —   IWH                        2,977 (20.9%)
2026-05-02 14:08:51 | INFO     | __main__:601 —   BWCH                       2,862 (20.1%)
2026-05-02 14:08:51 | INFO     | __main__:601 —   BWCD                       2,862 (20.1%)
2026-05-02 14:08:51 | INFO     | __main__:601 —   BWCA                       2,862 (20.1%)
2026-05-02 14:08:51 | INFO     | __main__:601 —   WHCD                       2,524 (17.7%)
2026-05-02 14:08:51 | INFO     | __main__:601 —   WHCH                       2,524 (17.7%)
2026-05-02 14:08:51 | INFO     | __main__:601 —   WHCA                       2,524 (17.7%)
2026-05-02 14:08:51 | INFO     | __main__:601 —   P<2.5                      2,107 (14.8%)
2026-05-02 14:08:51 | INFO     | __main__:601 —   P>2.5                      2,107 (14.8%)
2026-05-02 14:08:51 | INFO     | __main__:601 —   PC<2.5                     2,092 (14.7%)
2026-05-02 14:08:51 | INFO     | __main__:601 —   PC>2.5                     2,092 (14.7%)
2026-05-02 14:08:51 | INFO     | __main__:601 —   B365AHH                    2,089 (14.7%)
2026-05-02 14:08:51 | INFO     | __main__:601 —   B365AHA                    2,089 (14.7%)
2026-05-02 14:08:51 | INFO     | __main__:601 —   PAHH                       2,084 (14.6%)
2026-05-02 14:08:51 | INFO     | __main__:601 —   PAHA                       2,084 (14.6%)
2026-05-02 14:08:51 | INFO     | __main__:601 —   odds_over_25               2,082 (14.6%)
2026-05-02 14:08:51 | INFO     | __main__:601 —   odds_under_25              2,082 (14.6%)
2026-05-02 14:08:51 | INFO     | __main__:601 —   AvgAHH                     2,074 (14.5%)
2026-05-02 14:08:51 | INFO     | __main__:601 —   PCAHA                      2,074 (14.5%)
2026-05-02 14:08:51 | INFO     | __main__:601 —   PCAHH                      2,074 (14.5%)
2026-05-02 14:08:51 | INFO     | __main__:601 —   B365CAHA                   2,074 (14.5%)
2026-05-02 14:08:51 | INFO     | __main__:601 —   B365CAHH                   2,074 (14.5%)
2026-05-02 14:08:51 | INFO     | __main__:601 —   AvgAHA                     2,074 (14.5%)
2026-05-02 14:08:51 | INFO     | __main__:601 —   MaxAHH                     2,074 (14.5%)
2026-05-02 14:08:51 | INFO     | __main__:601 —   MaxAHA                     2,074 (14.5%)
2026-05-02 14:08:51 | INFO     | __main__:601 —   AHh                        2,074 (14.5%)
2026-05-02 14:08:51 | INFO     | __main__:601 —   Max>2.5                    2,074 (14.5%)
2026-05-02 14:08:51 | INFO     | __main__:601 —   Max<2.5                    2,074 (14.5%)
2026-05-02 14:08:51 | INFO     | __main__:601 —   Avg>2.5                    2,074 (14.5%)
2026-05-02 14:08:51 | INFO     | __main__:601 —   Avg<2.5                    2,074 (14.5%)
2026-05-02 14:08:51 | INFO     | __main__:601 —   MaxD                       2,073 (14.5%)
2026-05-02 14:08:51 | INFO     | __main__:601 —   B365CH                     2,073 (14.5%)
2026-05-02 14:08:51 | INFO     | __main__:601 —   B365C>2.5                  2,073 (14.5%)
2026-05-02 14:08:51 | INFO     | __main__:601 —   B365CA                     2,073 (14.5%)
2026-05-02 14:08:51 | INFO     | __main__:601 —   MaxH                       2,073 (14.5%)
2026-05-02 14:08:51 | INFO     | __main__:601 —   MaxA                       2,073 (14.5%)
2026-05-02 14:08:51 | INFO     | __main__:601 —   AvgH                       2,073 (14.5%)
2026-05-02 14:08:51 | INFO     | __main__:601 —   B365CD                     2,073 (14.5%)
2026-05-02 14:08:51 | INFO     | __main__:601 —   AvgD                       2,073 (14.5%)
2026-05-02 14:08:51 | INFO     | __main__:601 —   AvgA                       2,073 (14.5%)
2026-05-02 14:08:51 | INFO     | __main__:601 —   MaxCAHH                    2,073 (14.5%)
2026-05-02 14:08:51 | INFO     | __main__:601 —   MaxCAHA                    2,073 (14.5%)
2026-05-02 14:08:51 | INFO     | __main__:601 —   B365C<2.5                  2,073 (14.5%)
2026-05-02 14:08:51 | INFO     | __main__:601 —   AHCh                       2,072 (14.5%)
2026-05-02 14:08:51 | INFO     | __main__:601 —   AvgC<2.5                   2,072 (14.5%)
2026-05-02 14:08:51 | INFO     | __main__:601 —   AvgC>2.5                   2,072 (14.5%)
2026-05-02 14:08:51 | INFO     | __main__:601 —   MaxC>2.5                   2,072 (14.5%)
2026-05-02 14:08:51 | INFO     | __main__:601 —   AvgCAHH                    2,072 (14.5%)
2026-05-02 14:08:51 | INFO     | __main__:601 —   AvgCAHA                    2,072 (14.5%)
2026-05-02 14:08:51 | INFO     | __main__:601 —   MaxC<2.5                   2,072 (14.5%)
2026-05-02 14:08:51 | INFO     | __main__:601 —   AvgCA                      2,072 (14.5%)
2026-05-02 14:08:51 | INFO     | __main__:601 —   MaxCH                      2,072 (14.5%)
2026-05-02 14:08:51 | INFO     | __main__:601 —   Time                       2,072 (14.5%)
2026-05-02 14:08:51 | INFO     | __main__:601 —   AvgCD                      2,072 (14.5%)
2026-05-02 14:08:51 | INFO     | __main__:601 —   MaxCD                      2,072 (14.5%)
2026-05-02 14:08:51 | INFO     | __main__:601 —   MaxCA                      2,072 (14.5%)
2026-05-02 14:08:51 | INFO     | __main__:601 —   AvgCH                      2,072 (14.5%)
2026-05-02 14:08:51 | INFO     | __main__:601 —   VCA                        2,003 (14.1%)
2026-05-02 14:08:51 | INFO     | __main__:601 —   VCH                        2,003 (14.1%)
2026-05-02 14:08:51 | INFO     | __main__:601 —   VCD                        2,003 (14.1%)
2026-05-02 14:08:51 | INFO     | __main__:601 —   BWH                          771 (5.4%)
2026-05-02 14:08:51 | INFO     | __main__:601 —   BWD                          771 (5.4%)
2026-05-02 14:08:51 | INFO     | __main__:601 —   BWA                          771 (5.4%)
2026-05-02 14:08:51 | INFO     | __main__:601 —   WHA                          458 (3.2%)
2026-05-02 14:08:51 | INFO     | __main__:601 —   WHD                          458 (3.2%)
2026-05-02 14:08:51 | INFO     | __main__:601 —   WHH                          458 (3.2%)
2026-05-02 14:08:51 | INFO     | __main__:601 —   PSH                           12 (0.1%)
2026-05-02 14:08:51 | INFO     | __main__:601 —   PSA                           12 (0.1%)
2026-05-02 14:08:51 | INFO     | __main__:601 —   PSD                           12 (0.1%)
2026-05-02 14:08:51 | INFO     | __main__:601 —   implied_prob_home              6 (0.0%)
2026-05-02 14:08:51 | INFO     | __main__:601 —   implied_prob_draw              6 (0.0%)
2026-05-02 14:08:51 | INFO     | __main__:601 —   implied_prob_away              6 (0.0%)
2026-05-02 14:08:52 | INFO     | __main__:601 —   overround                      6 (0.0%)
2026-05-02 14:08:52 | INFO     | __main__:601 —   fair_prob_home                 6 (0.0%)
2026-05-02 14:08:52 | INFO     | __main__:601 —   fair_prob_draw                 6 (0.0%)
2026-05-02 14:08:52 | INFO     | __main__:601 —   fair_prob_away                 6 (0.0%)
2026-05-02 14:08:52 | INFO     | __main__:601 —   odds_away                      5 (0.0%)
2026-05-02 14:08:52 | INFO     | __main__:601 —   odds_draw                      5 (0.0%)
2026-05-02 14:08:52 | INFO     | __main__:601 —   odds_home                      5 (0.0%)
2026-05-02 14:08:52 | INFO     | __main__:601 —   PSCD                           2 (0.0%)
2026-05-02 14:08:52 | INFO     | __main__:601 —   PSCH                           2 (0.0%)
2026-05-02 14:08:52 | INFO     | __main__:601 —   PSCA                           2 (0.0%)
2026-05-02 14:08:52 | INFO     | __main__:601 —   ht_away_goals                  1 (0.0%)
2026-05-02 14:08:52 | INFO     | __main__:601 —   total_corners                  1 (0.0%)
2026-05-02 14:08:52 | INFO     | __main__:601 —   ht_result                      1 (0.0%)
2026-05-02 14:08:52 | INFO     | __main__:601 —   home_shots                     1 (0.0%)
2026-05-02 14:08:52 | INFO     | __main__:601 —   away_shots                     1 (0.0%)
2026-05-02 14:08:52 | INFO     | __main__:601 —   home_shots_ot                  1 (0.0%)
2026-05-02 14:08:52 | INFO     | __main__:601 —   away_shots_ot                  1 (0.0%)
2026-05-02 14:08:52 | INFO     | __main__:601 —   HF                             1 (0.0%)
2026-05-02 14:08:52 | INFO     | __main__:601 —   away_corners                   1 (0.0%)
2026-05-02 14:08:52 | INFO     | __main__:601 —   AF                             1 (0.0%)
2026-05-02 14:08:52 | INFO     | __main__:601 —   home_corners                   1 (0.0%)
2026-05-02 14:08:52 | INFO     | __main__:601 —   home_yellows                   1 (0.0%)
2026-05-02 14:08:52 | INFO     | __main__:601 —   away_yellows                   1 (0.0%)
2026-05-02 14:08:52 | INFO     | __main__:601 —   home_reds                      1 (0.0%)
2026-05-02 14:08:52 | INFO     | __main__:601 —   away_reds                      1 (0.0%)
2026-05-02 14:08:52 | INFO     | __main__:601 —   ht_home_goals                  1 (0.0%)
2026-05-02 14:08:52 | INFO     | __main__:605 — 
2026-05-02 14:08:52 | INFO     | __main__:611 — Result distribution:
2026-05-02 14:08:52 | INFO     | __main__:615 —   Home Win (H)        6,152 (43.2%)
2026-05-02 14:08:52 | INFO     | __main__:615 —   Draw (D)            3,667 (25.7%)
2026-05-02 14:08:52 | INFO     | __main__:615 —   Away Win (A)        4,436 (31.1%)
2026-05-02 14:08:52 | INFO     | __main__:619 — BTTS Yes rate      : 52.5%
2026-05-02 14:08:52 | INFO     | __main__:623 — Over 2.5 rate      : 50.2%
2026-05-02 14:08:52 | INFO     | __main__:627 — Bet365 odds coverage: 100.0%
2026-05-02 14:08:52 | INFO     | __main__:629 — ============================================================
2026-05-02 14:08:52 | SUCCESS  | __main__:504 — Master DataFrame built: 14,255 matches, 169 columns
2026-05-02 14:08:52 | SUCCESS  | __main__:522 — Saved master: /home/afshin/learning/files/data/processed/master.parquet (1704.2 KB)
2026-05-02 14:08:52 | DEBUG    | __main__:529 — Saved ENG_CHAMP: 3,864 matches → ENG_CHAMP_master.parquet
2026-05-02 14:08:52 | DEBUG    | __main__:529 — Saved EPL: 2,660 matches → EPL_master.parquet
2026-05-02 14:08:52 | DEBUG    | __main__:529 — Saved LIGUE_1: 2,411 matches → LIGUE_1_master.parquet
2026-05-02 14:08:52 | DEBUG    | __main__:529 — Saved LA_LIGA: 2,660 matches → LA_LIGA_master.parquet
2026-05-02 14:08:52 | DEBUG    | __main__:529 — Saved SERIE_A: 2,660 matches → SERIE_A_master.parquet
2026-05-02 14:08:52 | SUCCESS  | __main__:690 — All done. Run notebook 01_data_exploration.ipynb to explore the data.
2026-05-02 14:31:47 | INFO     | __main__:413 — Starting download: 5 leagues × 1 seasons = 5 files
2026-05-02 14:31:48 | INFO     | __main__:123 — Downloading English Premier League 2025-26 ...
2026-05-02 14:31:53 | SUCCESS  | __main__:135 — Saved: EPL_2526.csv (183,088 bytes)
2026-05-02 14:31:53 | INFO     | __main__:123 — Downloading English Championship 2025-26 ...
2026-05-02 14:31:57 | SUCCESS  | __main__:135 — Saved: ENG_CHAMP_2526.csv (288,893 bytes)
2026-05-02 14:31:57 | INFO     | __main__:123 — Downloading La Liga 2025-26 ...
2026-05-02 14:32:00 | SUCCESS  | __main__:135 — Saved: LA_LIGA_2526.csv (173,188 bytes)
2026-05-02 14:32:00 | INFO     | __main__:123 — Downloading Serie A 2025-26 ...
2026-05-02 14:32:04 | SUCCESS  | __main__:135 — Saved: SERIE_A_2526.csv (177,249 bytes)
2026-05-02 14:32:04 | INFO     | __main__:123 — Downloading Ligue 1 2025-26 ...
2026-05-02 14:32:08 | SUCCESS  | __main__:135 — Saved: LIGUE_1_2526.csv (144,592 bytes)
2026-05-02 14:32:08 | INFO     | __main__:425 — Download complete: 5/5 files successfully obtained
2026-05-02 14:32:08 | INFO     | __main__:462 — Parsing downloaded CSV files ...
2026-05-02 14:32:08 | DEBUG    | __main__:198 — Raw shape: (339, 132) — EPL_2526.csv
2026-05-02 14:32:09 | DEBUG    | __main__:265 — Parsed: 339 matches — EPL_2526.csv
2026-05-02 14:32:09 | DEBUG    | __main__:198 — Raw shape: (540, 132) — ENG_CHAMP_2526.csv
2026-05-02 14:32:09 | DEBUG    | __main__:265 — Parsed: 540 matches — ENG_CHAMP_2526.csv
2026-05-02 14:32:09 | DEBUG    | __main__:198 — Raw shape: (330, 131) — LA_LIGA_2526.csv
2026-05-02 14:32:09 | DEBUG    | __main__:265 — Parsed: 330 matches — LA_LIGA_2526.csv
2026-05-02 14:32:09 | DEBUG    | __main__:198 — Raw shape: (340, 131) — SERIE_A_2526.csv
2026-05-02 14:32:09 | DEBUG    | __main__:265 — Parsed: 340 matches — SERIE_A_2526.csv
2026-05-02 14:32:09 | DEBUG    | __main__:198 — Raw shape: (277, 131) — LIGUE_1_2526.csv
2026-05-02 14:32:09 | DEBUG    | __main__:265 — Parsed: 277 matches — LIGUE_1_2526.csv
2026-05-02 14:32:09 | INFO     | __main__:486 — Merging 5 DataFrames ...
2026-05-02 14:32:09 | INFO     | __main__:494 — Deriving target variables (BTTS, Over 2.5, Corners) ...
2026-05-02 14:32:09 | INFO     | __main__:498 — Calculating fair odds (removing bookmaker overround) ...
2026-05-02 14:32:09 | DEBUG    | __main__:381 — Fair odds calculated for 1,826 matches. Avg overround: 1.0616
2026-05-02 14:32:09 | INFO     | __main__:572 — ============================================================
2026-05-02 14:32:09 | INFO     | __main__:573 — DATA QUALITY REPORT
2026-05-02 14:32:09 | INFO     | __main__:574 — ============================================================
2026-05-02 14:32:09 | INFO     | __main__:575 — Total matches      : 1,826
2026-05-02 14:32:09 | INFO     | __main__:576 — Date range         : 2025-08-08 → 2026-04-28
2026-05-02 14:32:09 | INFO     | __main__:577 — Columns            : 151
2026-05-02 14:32:09 | INFO     | __main__:578 — Leagues            : 5
2026-05-02 14:32:09 | INFO     | __main__:579 — Seasons            : ['2526']
2026-05-02 14:32:09 | INFO     | __main__:580 — 
2026-05-02 14:32:09 | INFO     | __main__:586 —   ENG_CHAMP      540 matches | 24 teams | 1 seasons
2026-05-02 14:32:09 | INFO     | __main__:586 —   EPL            339 matches | 20 teams | 1 seasons
2026-05-02 14:32:09 | INFO     | __main__:586 —   LA_LIGA        330 matches | 20 teams | 1 seasons
2026-05-02 14:32:09 | INFO     | __main__:586 —   LIGUE_1        277 matches | 18 teams | 1 seasons
2026-05-02 14:32:09 | INFO     | __main__:586 —   SERIE_A        340 matches | 20 teams | 1 seasons
2026-05-02 14:32:09 | INFO     | __main__:592 — 
2026-05-02 14:32:09 | INFO     | __main__:598 — Columns with missing values:
2026-05-02 14:32:09 | INFO     | __main__:601 —   referee                      947 (51.9%)
2026-05-02 14:32:09 | INFO     | __main__:601 —   P<2.5                        816 (44.7%)
2026-05-02 14:32:09 | INFO     | __main__:601 —   P>2.5                        816 (44.7%)
2026-05-02 14:32:09 | INFO     | __main__:601 —   PAHH                         814 (44.6%)
2026-05-02 14:32:09 | INFO     | __main__:601 —   PSH                          814 (44.6%)
2026-05-02 14:32:09 | INFO     | __main__:601 —   PSD                          814 (44.6%)
2026-05-02 14:32:09 | INFO     | __main__:601 —   PSA                          814 (44.6%)
2026-05-02 14:32:09 | INFO     | __main__:601 —   PAHA                         814 (44.6%)
2026-05-02 14:32:09 | INFO     | __main__:601 —   PSCH                         806 (44.1%)
2026-05-02 14:32:09 | INFO     | __main__:601 —   PSCD                         806 (44.1%)
2026-05-02 14:32:09 | INFO     | __main__:601 —   PSCA                         806 (44.1%)
2026-05-02 14:32:09 | INFO     | __main__:601 —   PC>2.5                       806 (44.1%)
2026-05-02 14:32:09 | INFO     | __main__:601 —   PC<2.5                       806 (44.1%)
2026-05-02 14:32:09 | INFO     | __main__:601 —   PCAHA                        805 (44.1%)
2026-05-02 14:32:09 | INFO     | __main__:601 —   PCAHH                        805 (44.1%)
2026-05-02 14:32:09 | INFO     | __main__:601 —   CLCA                         517 (28.3%)
2026-05-02 14:32:09 | INFO     | __main__:601 —   CLCH                         517 (28.3%)
2026-05-02 14:32:09 | INFO     | __main__:601 —   CLCD                         517 (28.3%)
2026-05-02 14:32:09 | INFO     | __main__:601 —   LBCA                         493 (27.0%)
2026-05-02 14:32:09 | INFO     | __main__:601 —   LBCH                         493 (27.0%)
2026-05-02 14:32:09 | INFO     | __main__:601 —   LBCD                         493 (27.0%)
2026-05-02 14:32:09 | INFO     | __main__:601 —   CLA                          489 (26.8%)
2026-05-02 14:32:09 | INFO     | __main__:601 —   CLD                          489 (26.8%)
2026-05-02 14:32:09 | INFO     | __main__:601 —   CLH                          489 (26.8%)
2026-05-02 14:32:09 | INFO     | __main__:601 —   LBA                          485 (26.6%)
2026-05-02 14:32:09 | INFO     | __main__:601 —   LBD                          485 (26.6%)
2026-05-02 14:32:09 | INFO     | __main__:601 —   LBH                          485 (26.6%)
2026-05-02 14:32:09 | INFO     | __main__:601 —   BFEAHH                       104 (5.7%)
2026-05-02 14:32:09 | INFO     | __main__:601 —   BFEAHA                       104 (5.7%)
2026-05-02 14:32:09 | INFO     | __main__:601 —   BFE>2.5                       77 (4.2%)
2026-05-02 14:32:09 | INFO     | __main__:601 —   BFE<2.5                       77 (4.2%)
2026-05-02 14:32:09 | INFO     | __main__:601 —   BFECAHH                       76 (4.2%)
2026-05-02 14:32:09 | INFO     | __main__:601 —   BFEC>2.5                      76 (4.2%)
2026-05-02 14:32:09 | INFO     | __main__:601 —   BFECH                         76 (4.2%)
2026-05-02 14:32:09 | INFO     | __main__:601 —   BFECA                         76 (4.2%)
2026-05-02 14:32:09 | INFO     | __main__:601 —   BFEC<2.5                      76 (4.2%)
2026-05-02 14:32:09 | INFO     | __main__:601 —   BFECD                         76 (4.2%)
2026-05-02 14:32:09 | INFO     | __main__:601 —   BFECAHA                       76 (4.2%)
2026-05-02 14:32:09 | INFO     | __main__:601 —   BFEA                          74 (4.1%)
2026-05-02 14:32:09 | INFO     | __main__:601 —   BFEH                          74 (4.1%)
2026-05-02 14:32:09 | INFO     | __main__:601 —   BFED                          74 (4.1%)
2026-05-02 14:32:09 | INFO     | __main__:601 —   BFDCA                         19 (1.0%)
2026-05-02 14:32:09 | INFO     | __main__:601 —   BVCA                          19 (1.0%)
2026-05-02 14:32:09 | INFO     | __main__:601 —   BVCD                          19 (1.0%)
2026-05-02 14:32:09 | INFO     | __main__:601 —   BVCH                          19 (1.0%)
2026-05-02 14:32:09 | INFO     | __main__:601 —   BFDCD                         19 (1.0%)
2026-05-02 14:32:09 | INFO     | __main__:601 —   BFDCH                         19 (1.0%)
2026-05-02 14:32:09 | INFO     | __main__:601 —   BWD                           10 (0.5%)
2026-05-02 14:32:09 | INFO     | __main__:601 —   BWA                           10 (0.5%)
2026-05-02 14:32:09 | INFO     | __main__:601 —   BWH                           10 (0.5%)
2026-05-02 14:32:09 | INFO     | __main__:601 —   AHh                            5 (0.3%)
2026-05-02 14:32:09 | INFO     | __main__:601 —   BWCA                           1 (0.1%)
2026-05-02 14:32:09 | INFO     | __main__:601 —   BWCD                           1 (0.1%)
2026-05-02 14:32:09 | INFO     | __main__:601 —   BMGMCD                         1 (0.1%)
2026-05-02 14:32:09 | INFO     | __main__:601 —   BMGMCA                         1 (0.1%)
2026-05-02 14:32:09 | INFO     | __main__:601 —   BWCH                           1 (0.1%)
2026-05-02 14:32:09 | INFO     | __main__:601 —   BMGMCH                         1 (0.1%)
2026-05-02 14:32:09 | INFO     | __main__:605 — 
2026-05-02 14:32:09 | INFO     | __main__:611 — Result distribution:
2026-05-02 14:32:09 | INFO     | __main__:615 —   Home Win (H)          793 (43.4%)
2026-05-02 14:32:09 | INFO     | __main__:615 —   Draw (D)              475 (26.0%)
2026-05-02 14:32:09 | INFO     | __main__:615 —   Away Win (A)          558 (30.6%)
2026-05-02 14:32:09 | INFO     | __main__:619 — BTTS Yes rate      : 53.4%
2026-05-02 14:32:09 | INFO     | __main__:623 — Over 2.5 rate      : 50.7%
2026-05-02 14:32:09 | INFO     | __main__:627 — Bet365 odds coverage: 100.0%
2026-05-02 14:32:09 | INFO     | __main__:629 — ============================================================
2026-05-02 14:32:09 | SUCCESS  | __main__:504 — Master DataFrame built: 1,826 matches, 151 columns
2026-05-02 14:32:10 | SUCCESS  | __main__:522 — Saved master: /home/afshin/learning/files/data/processed/master.parquet (382.9 KB)
2026-05-02 14:32:10 | DEBUG    | __main__:529 — Saved ENG_CHAMP: 540 matches → ENG_CHAMP_master.parquet
2026-05-02 14:32:10 | DEBUG    | __main__:529 — Saved EPL: 339 matches → EPL_master.parquet
2026-05-02 14:32:10 | DEBUG    | __main__:529 — Saved LA_LIGA: 330 matches → LA_LIGA_master.parquet
2026-05-02 14:32:10 | DEBUG    | __main__:529 — Saved LIGUE_1: 277 matches → LIGUE_1_master.parquet
2026-05-02 14:32:10 | DEBUG    | __main__:529 — Saved SERIE_A: 340 matches → SERIE_A_master.parquet
2026-05-02 14:32:10 | SUCCESS  | __main__:690 — All done. Run notebook 01_data_exploration.ipynb to explore the data.
2026-05-02 14:33:04 | INFO     | __main__:413 — Starting download: 5 leagues × 1 seasons = 5 files
2026-05-02 14:33:04 | DEBUG    | __main__:114 — Cache hit: EPL_2526.csv — skipping download
2026-05-02 14:33:04 | DEBUG    | __main__:114 — Cache hit: ENG_CHAMP_2526.csv — skipping download
2026-05-02 14:33:04 | DEBUG    | __main__:114 — Cache hit: LA_LIGA_2526.csv — skipping download
2026-05-02 14:33:04 | DEBUG    | __main__:114 — Cache hit: SERIE_A_2526.csv — skipping download
2026-05-02 14:33:04 | DEBUG    | __main__:114 — Cache hit: LIGUE_1_2526.csv — skipping download
2026-05-02 14:33:04 | INFO     | __main__:425 — Download complete: 5/5 files successfully obtained
2026-05-02 14:33:04 | INFO     | __main__:462 — Parsing downloaded CSV files ...
2026-05-02 14:33:04 | DEBUG    | __main__:198 — Raw shape: (339, 132) — EPL_2526.csv
2026-05-02 14:33:04 | DEBUG    | __main__:265 — Parsed: 339 matches — EPL_2526.csv
2026-05-02 14:33:04 | DEBUG    | __main__:198 — Raw shape: (540, 132) — ENG_CHAMP_2526.csv
2026-05-02 14:33:04 | DEBUG    | __main__:265 — Parsed: 540 matches — ENG_CHAMP_2526.csv
2026-05-02 14:33:04 | DEBUG    | __main__:198 — Raw shape: (330, 131) — LA_LIGA_2526.csv
2026-05-02 14:33:04 | DEBUG    | __main__:265 — Parsed: 330 matches — LA_LIGA_2526.csv
2026-05-02 14:33:04 | DEBUG    | __main__:198 — Raw shape: (340, 131) — SERIE_A_2526.csv
2026-05-02 14:33:04 | DEBUG    | __main__:265 — Parsed: 340 matches — SERIE_A_2526.csv
2026-05-02 14:33:04 | DEBUG    | __main__:198 — Raw shape: (277, 131) — LIGUE_1_2526.csv
2026-05-02 14:33:04 | DEBUG    | __main__:265 — Parsed: 277 matches — LIGUE_1_2526.csv
2026-05-02 14:33:04 | INFO     | __main__:486 — Merging 5 DataFrames ...
2026-05-02 14:33:04 | INFO     | __main__:494 — Deriving target variables (BTTS, Over 2.5, Corners) ...
2026-05-02 14:33:04 | INFO     | __main__:498 — Calculating fair odds (removing bookmaker overround) ...
2026-05-02 14:33:04 | DEBUG    | __main__:381 — Fair odds calculated for 1,826 matches. Avg overround: 1.0616
2026-05-02 14:33:04 | INFO     | __main__:572 — ============================================================
2026-05-02 14:33:04 | INFO     | __main__:573 — DATA QUALITY REPORT
2026-05-02 14:33:04 | INFO     | __main__:574 — ============================================================
2026-05-02 14:33:04 | INFO     | __main__:575 — Total matches      : 1,826
2026-05-02 14:33:04 | INFO     | __main__:576 — Date range         : 2025-08-08 → 2026-04-28
2026-05-02 14:33:04 | INFO     | __main__:577 — Columns            : 151
2026-05-02 14:33:04 | INFO     | __main__:578 — Leagues            : 5
2026-05-02 14:33:04 | INFO     | __main__:579 — Seasons            : ['2526']
2026-05-02 14:33:04 | INFO     | __main__:580 — 
2026-05-02 14:33:04 | INFO     | __main__:586 —   ENG_CHAMP      540 matches | 24 teams | 1 seasons
2026-05-02 14:33:04 | INFO     | __main__:586 —   EPL            339 matches | 20 teams | 1 seasons
2026-05-02 14:33:04 | INFO     | __main__:586 —   LA_LIGA        330 matches | 20 teams | 1 seasons
2026-05-02 14:33:04 | INFO     | __main__:586 —   LIGUE_1        277 matches | 18 teams | 1 seasons
2026-05-02 14:33:04 | INFO     | __main__:586 —   SERIE_A        340 matches | 20 teams | 1 seasons
2026-05-02 14:33:04 | INFO     | __main__:592 — 
2026-05-02 14:33:04 | INFO     | __main__:598 — Columns with missing values:
2026-05-02 14:33:04 | INFO     | __main__:601 —   referee                      947 (51.9%)
2026-05-02 14:33:04 | INFO     | __main__:601 —   P<2.5                        816 (44.7%)
2026-05-02 14:33:04 | INFO     | __main__:601 —   P>2.5                        816 (44.7%)
2026-05-02 14:33:04 | INFO     | __main__:601 —   PAHH                         814 (44.6%)
2026-05-02 14:33:04 | INFO     | __main__:601 —   PSH                          814 (44.6%)
2026-05-02 14:33:04 | INFO     | __main__:601 —   PSD                          814 (44.6%)
2026-05-02 14:33:04 | INFO     | __main__:601 —   PSA                          814 (44.6%)
2026-05-02 14:33:04 | INFO     | __main__:601 —   PAHA                         814 (44.6%)
2026-05-02 14:33:04 | INFO     | __main__:601 —   PSCH                         806 (44.1%)
2026-05-02 14:33:04 | INFO     | __main__:601 —   PSCD                         806 (44.1%)
2026-05-02 14:33:04 | INFO     | __main__:601 —   PSCA                         806 (44.1%)
2026-05-02 14:33:04 | INFO     | __main__:601 —   PC>2.5                       806 (44.1%)
2026-05-02 14:33:04 | INFO     | __main__:601 —   PC<2.5                       806 (44.1%)
2026-05-02 14:33:04 | INFO     | __main__:601 —   PCAHA                        805 (44.1%)
2026-05-02 14:33:04 | INFO     | __main__:601 —   PCAHH                        805 (44.1%)
2026-05-02 14:33:04 | INFO     | __main__:601 —   CLCA                         517 (28.3%)
2026-05-02 14:33:04 | INFO     | __main__:601 —   CLCH                         517 (28.3%)
2026-05-02 14:33:04 | INFO     | __main__:601 —   CLCD                         517 (28.3%)
2026-05-02 14:33:04 | INFO     | __main__:601 —   LBCA                         493 (27.0%)
2026-05-02 14:33:04 | INFO     | __main__:601 —   LBCH                         493 (27.0%)
2026-05-02 14:33:04 | INFO     | __main__:601 —   LBCD                         493 (27.0%)
2026-05-02 14:33:04 | INFO     | __main__:601 —   CLA                          489 (26.8%)
2026-05-02 14:33:04 | INFO     | __main__:601 —   CLD                          489 (26.8%)
2026-05-02 14:33:04 | INFO     | __main__:601 —   CLH                          489 (26.8%)
2026-05-02 14:33:04 | INFO     | __main__:601 —   LBA                          485 (26.6%)
2026-05-02 14:33:04 | INFO     | __main__:601 —   LBD                          485 (26.6%)
2026-05-02 14:33:04 | INFO     | __main__:601 —   LBH                          485 (26.6%)
2026-05-02 14:33:04 | INFO     | __main__:601 —   BFEAHH                       104 (5.7%)
2026-05-02 14:33:04 | INFO     | __main__:601 —   BFEAHA                       104 (5.7%)
2026-05-02 14:33:04 | INFO     | __main__:601 —   BFE>2.5                       77 (4.2%)
2026-05-02 14:33:04 | INFO     | __main__:601 —   BFE<2.5                       77 (4.2%)
2026-05-02 14:33:04 | INFO     | __main__:601 —   BFECAHH                       76 (4.2%)
2026-05-02 14:33:04 | INFO     | __main__:601 —   BFEC>2.5                      76 (4.2%)
2026-05-02 14:33:04 | INFO     | __main__:601 —   BFECH                         76 (4.2%)
2026-05-02 14:33:04 | INFO     | __main__:601 —   BFECA                         76 (4.2%)
2026-05-02 14:33:04 | INFO     | __main__:601 —   BFEC<2.5                      76 (4.2%)
2026-05-02 14:33:04 | INFO     | __main__:601 —   BFECD                         76 (4.2%)
2026-05-02 14:33:04 | INFO     | __main__:601 —   BFECAHA                       76 (4.2%)
2026-05-02 14:33:04 | INFO     | __main__:601 —   BFEA                          74 (4.1%)
2026-05-02 14:33:04 | INFO     | __main__:601 —   BFEH                          74 (4.1%)
2026-05-02 14:33:04 | INFO     | __main__:601 —   BFED                          74 (4.1%)
2026-05-02 14:33:04 | INFO     | __main__:601 —   BFDCA                         19 (1.0%)
2026-05-02 14:33:04 | INFO     | __main__:601 —   BVCA                          19 (1.0%)
2026-05-02 14:33:04 | INFO     | __main__:601 —   BVCD                          19 (1.0%)
2026-05-02 14:33:04 | INFO     | __main__:601 —   BVCH                          19 (1.0%)
2026-05-02 14:33:04 | INFO     | __main__:601 —   BFDCD                         19 (1.0%)
2026-05-02 14:33:04 | INFO     | __main__:601 —   BFDCH                         19 (1.0%)
2026-05-02 14:33:04 | INFO     | __main__:601 —   BWD                           10 (0.5%)
2026-05-02 14:33:04 | INFO     | __main__:601 —   BWA                           10 (0.5%)
2026-05-02 14:33:04 | INFO     | __main__:601 —   BWH                           10 (0.5%)
2026-05-02 14:33:04 | INFO     | __main__:601 —   AHh                            5 (0.3%)
2026-05-02 14:33:04 | INFO     | __main__:601 —   BWCA                           1 (0.1%)
2026-05-02 14:33:04 | INFO     | __main__:601 —   BWCD                           1 (0.1%)
2026-05-02 14:33:04 | INFO     | __main__:601 —   BMGMCD                         1 (0.1%)
2026-05-02 14:33:04 | INFO     | __main__:601 —   BMGMCA                         1 (0.1%)
2026-05-02 14:33:04 | INFO     | __main__:601 —   BWCH                           1 (0.1%)
2026-05-02 14:33:04 | INFO     | __main__:601 —   BMGMCH                         1 (0.1%)
2026-05-02 14:33:04 | INFO     | __main__:605 — 
2026-05-02 14:33:04 | INFO     | __main__:611 — Result distribution:
2026-05-02 14:33:04 | INFO     | __main__:615 —   Home Win (H)          793 (43.4%)
2026-05-02 14:33:04 | INFO     | __main__:615 —   Draw (D)              475 (26.0%)
2026-05-02 14:33:04 | INFO     | __main__:615 —   Away Win (A)          558 (30.6%)
2026-05-02 14:33:04 | INFO     | __main__:619 — BTTS Yes rate      : 53.4%
2026-05-02 14:33:04 | INFO     | __main__:623 — Over 2.5 rate      : 50.7%
2026-05-02 14:33:04 | INFO     | __main__:627 — Bet365 odds coverage: 100.0%
2026-05-02 14:33:04 | INFO     | __main__:629 — ============================================================
2026-05-02 14:33:04 | SUCCESS  | __main__:504 — Master DataFrame built: 1,826 matches, 151 columns
2026-05-02 14:33:04 | SUCCESS  | __main__:522 — Saved master: /home/afshin/learning/files/data/processed/master.parquet (382.9 KB)
2026-05-02 14:33:04 | DEBUG    | __main__:529 — Saved ENG_CHAMP: 540 matches → ENG_CHAMP_master.parquet
2026-05-02 14:33:04 | DEBUG    | __main__:529 — Saved EPL: 339 matches → EPL_master.parquet
2026-05-02 14:33:04 | DEBUG    | __main__:529 — Saved LA_LIGA: 330 matches → LA_LIGA_master.parquet
2026-05-02 14:33:04 | DEBUG    | __main__:529 — Saved LIGUE_1: 277 matches → LIGUE_1_master.parquet
2026-05-02 14:33:04 | DEBUG    | __main__:529 — Saved SERIE_A: 340 matches → SERIE_A_master.parquet
2026-05-02 14:33:04 | SUCCESS  | __main__:690 — All done. Run notebook 01_data_exploration.ipynb to explore the data.
2026-05-02 18:29:55 | INFO     | __main__:413 — Starting download: 5 leagues × 7 seasons = 35 files
2026-05-02 18:29:55 | DEBUG    | __main__:114 — Cache hit: EPL_1819.csv — skipping download
2026-05-02 18:29:55 | DEBUG    | __main__:114 — Cache hit: EPL_1920.csv — skipping download
2026-05-02 18:29:55 | DEBUG    | __main__:114 — Cache hit: EPL_2021.csv — skipping download
2026-05-02 18:29:55 | DEBUG    | __main__:114 — Cache hit: EPL_2122.csv — skipping download
2026-05-02 18:29:55 | DEBUG    | __main__:114 — Cache hit: EPL_2223.csv — skipping download
2026-05-02 18:29:55 | DEBUG    | __main__:114 — Cache hit: EPL_2324.csv — skipping download
2026-05-02 18:29:55 | DEBUG    | __main__:114 — Cache hit: EPL_2425.csv — skipping download
2026-05-02 18:29:55 | DEBUG    | __main__:114 — Cache hit: ENG_CHAMP_1819.csv — skipping download
2026-05-02 18:29:55 | DEBUG    | __main__:114 — Cache hit: ENG_CHAMP_1920.csv — skipping download
2026-05-02 18:29:55 | DEBUG    | __main__:114 — Cache hit: ENG_CHAMP_2021.csv — skipping download
2026-05-02 18:29:55 | DEBUG    | __main__:114 — Cache hit: ENG_CHAMP_2122.csv — skipping download
2026-05-02 18:29:55 | DEBUG    | __main__:114 — Cache hit: ENG_CHAMP_2223.csv — skipping download
2026-05-02 18:29:55 | DEBUG    | __main__:114 — Cache hit: ENG_CHAMP_2324.csv — skipping download
2026-05-02 18:29:55 | DEBUG    | __main__:114 — Cache hit: ENG_CHAMP_2425.csv — skipping download
2026-05-02 18:29:55 | DEBUG    | __main__:114 — Cache hit: LA_LIGA_1819.csv — skipping download
2026-05-02 18:29:55 | DEBUG    | __main__:114 — Cache hit: LA_LIGA_1920.csv — skipping download
2026-05-02 18:29:55 | DEBUG    | __main__:114 — Cache hit: LA_LIGA_2021.csv — skipping download
2026-05-02 18:29:55 | DEBUG    | __main__:114 — Cache hit: LA_LIGA_2122.csv — skipping download
2026-05-02 18:29:55 | DEBUG    | __main__:114 — Cache hit: LA_LIGA_2223.csv — skipping download
2026-05-02 18:29:55 | DEBUG    | __main__:114 — Cache hit: LA_LIGA_2324.csv — skipping download
2026-05-02 18:29:55 | DEBUG    | __main__:114 — Cache hit: LA_LIGA_2425.csv — skipping download
2026-05-02 18:29:55 | DEBUG    | __main__:114 — Cache hit: SERIE_A_1819.csv — skipping download
2026-05-02 18:29:55 | DEBUG    | __main__:114 — Cache hit: SERIE_A_1920.csv — skipping download
2026-05-02 18:29:55 | DEBUG    | __main__:114 — Cache hit: SERIE_A_2021.csv — skipping download
2026-05-02 18:29:55 | DEBUG    | __main__:114 — Cache hit: SERIE_A_2122.csv — skipping download
2026-05-02 18:29:55 | DEBUG    | __main__:114 — Cache hit: SERIE_A_2223.csv — skipping download
2026-05-02 18:29:55 | DEBUG    | __main__:114 — Cache hit: SERIE_A_2324.csv — skipping download
2026-05-02 18:29:55 | DEBUG    | __main__:114 — Cache hit: SERIE_A_2425.csv — skipping download
2026-05-02 18:29:55 | DEBUG    | __main__:114 — Cache hit: LIGUE_1_1819.csv — skipping download
2026-05-02 18:29:55 | DEBUG    | __main__:114 — Cache hit: LIGUE_1_1920.csv — skipping download
2026-05-02 18:29:55 | DEBUG    | __main__:114 — Cache hit: LIGUE_1_2021.csv — skipping download
2026-05-02 18:29:55 | DEBUG    | __main__:114 — Cache hit: LIGUE_1_2122.csv — skipping download
2026-05-02 18:29:55 | DEBUG    | __main__:114 — Cache hit: LIGUE_1_2223.csv — skipping download
2026-05-02 18:29:55 | DEBUG    | __main__:114 — Cache hit: LIGUE_1_2324.csv — skipping download
2026-05-02 18:29:55 | DEBUG    | __main__:114 — Cache hit: LIGUE_1_2425.csv — skipping download
2026-05-02 18:29:55 | INFO     | __main__:425 — Download complete: 35/35 files successfully obtained
2026-05-02 18:29:55 | INFO     | __main__:462 — Parsing downloaded CSV files ...
2026-05-02 18:29:55 | DEBUG    | __main__:198 — Raw shape: (380, 62) — EPL_1819.csv
2026-05-02 18:29:56 | DEBUG    | __main__:265 — Parsed: 380 matches — EPL_1819.csv
2026-05-02 18:29:56 | DEBUG    | __main__:198 — Raw shape: (380, 106) — EPL_1920.csv
2026-05-02 18:29:56 | DEBUG    | __main__:265 — Parsed: 380 matches — EPL_1920.csv
2026-05-02 18:29:56 | DEBUG    | __main__:198 — Raw shape: (380, 106) — EPL_2021.csv
2026-05-02 18:29:56 | DEBUG    | __main__:265 — Parsed: 380 matches — EPL_2021.csv
2026-05-02 18:29:56 | DEBUG    | __main__:198 — Raw shape: (380, 106) — EPL_2122.csv
2026-05-02 18:29:56 | DEBUG    | __main__:265 — Parsed: 380 matches — EPL_2122.csv
2026-05-02 18:29:56 | DEBUG    | __main__:198 — Raw shape: (380, 106) — EPL_2223.csv
2026-05-02 18:29:56 | DEBUG    | __main__:265 — Parsed: 380 matches — EPL_2223.csv
2026-05-02 18:29:56 | DEBUG    | __main__:198 — Raw shape: (380, 106) — EPL_2324.csv
2026-05-02 18:29:56 | DEBUG    | __main__:265 — Parsed: 380 matches — EPL_2324.csv
2026-05-02 18:29:56 | DEBUG    | __main__:198 — Raw shape: (380, 120) — EPL_2425.csv
2026-05-02 18:29:56 | DEBUG    | __main__:265 — Parsed: 380 matches — EPL_2425.csv
2026-05-02 18:29:56 | DEBUG    | __main__:198 — Raw shape: (552, 62) — ENG_CHAMP_1819.csv
2026-05-02 18:29:56 | DEBUG    | __main__:265 — Parsed: 552 matches — ENG_CHAMP_1819.csv
2026-05-02 18:29:56 | DEBUG    | __main__:198 — Raw shape: (552, 106) — ENG_CHAMP_1920.csv
2026-05-02 18:29:56 | DEBUG    | __main__:265 — Parsed: 552 matches — ENG_CHAMP_1920.csv
2026-05-02 18:29:56 | DEBUG    | __main__:198 — Raw shape: (552, 106) — ENG_CHAMP_2021.csv
2026-05-02 18:29:56 | DEBUG    | __main__:265 — Parsed: 552 matches — ENG_CHAMP_2021.csv
2026-05-02 18:29:56 | DEBUG    | __main__:198 — Raw shape: (552, 106) — ENG_CHAMP_2122.csv
2026-05-02 18:29:56 | DEBUG    | __main__:265 — Parsed: 552 matches — ENG_CHAMP_2122.csv
2026-05-02 18:29:56 | DEBUG    | __main__:198 — Raw shape: (552, 106) — ENG_CHAMP_2223.csv
2026-05-02 18:29:56 | DEBUG    | __main__:265 — Parsed: 552 matches — ENG_CHAMP_2223.csv
2026-05-02 18:29:56 | DEBUG    | __main__:198 — Raw shape: (552, 106) — ENG_CHAMP_2324.csv
2026-05-02 18:29:56 | DEBUG    | __main__:265 — Parsed: 552 matches — ENG_CHAMP_2324.csv
2026-05-02 18:29:57 | DEBUG    | __main__:198 — Raw shape: (552, 120) — ENG_CHAMP_2425.csv
2026-05-02 18:29:57 | DEBUG    | __main__:265 — Parsed: 552 matches — ENG_CHAMP_2425.csv
2026-05-02 18:29:57 | DEBUG    | __main__:198 — Raw shape: (380, 61) — LA_LIGA_1819.csv
2026-05-02 18:29:57 | DEBUG    | __main__:265 — Parsed: 380 matches — LA_LIGA_1819.csv
2026-05-02 18:29:57 | DEBUG    | __main__:198 — Raw shape: (380, 105) — LA_LIGA_1920.csv
2026-05-02 18:29:57 | DEBUG    | __main__:265 — Parsed: 380 matches — LA_LIGA_1920.csv
2026-05-02 18:29:57 | DEBUG    | __main__:198 — Raw shape: (380, 105) — LA_LIGA_2021.csv
2026-05-02 18:29:57 | DEBUG    | __main__:265 — Parsed: 380 matches — LA_LIGA_2021.csv
2026-05-02 18:29:57 | DEBUG    | __main__:198 — Raw shape: (380, 105) — LA_LIGA_2122.csv
2026-05-02 18:29:57 | DEBUG    | __main__:265 — Parsed: 380 matches — LA_LIGA_2122.csv
2026-05-02 18:29:57 | DEBUG    | __main__:198 — Raw shape: (380, 105) — LA_LIGA_2223.csv
2026-05-02 18:29:57 | DEBUG    | __main__:265 — Parsed: 380 matches — LA_LIGA_2223.csv
2026-05-02 18:29:57 | DEBUG    | __main__:198 — Raw shape: (380, 105) — LA_LIGA_2324.csv
2026-05-02 18:29:57 | DEBUG    | __main__:265 — Parsed: 380 matches — LA_LIGA_2324.csv
2026-05-02 18:29:57 | DEBUG    | __main__:198 — Raw shape: (380, 119) — LA_LIGA_2425.csv
2026-05-02 18:29:57 | DEBUG    | __main__:265 — Parsed: 380 matches — LA_LIGA_2425.csv
2026-05-02 18:29:57 | DEBUG    | __main__:198 — Raw shape: (380, 61) — SERIE_A_1819.csv
2026-05-02 18:29:57 | DEBUG    | __main__:265 — Parsed: 380 matches — SERIE_A_1819.csv
2026-05-02 18:29:57 | DEBUG    | __main__:198 — Raw shape: (380, 105) — SERIE_A_1920.csv
2026-05-02 18:29:57 | DEBUG    | __main__:265 — Parsed: 380 matches — SERIE_A_1920.csv
2026-05-02 18:29:58 | DEBUG    | __main__:198 — Raw shape: (380, 105) — SERIE_A_2021.csv
2026-05-02 18:29:58 | DEBUG    | __main__:265 — Parsed: 380 matches — SERIE_A_2021.csv
2026-05-02 18:29:58 | DEBUG    | __main__:198 — Raw shape: (380, 105) — SERIE_A_2122.csv
2026-05-02 18:29:58 | DEBUG    | __main__:265 — Parsed: 380 matches — SERIE_A_2122.csv
2026-05-02 18:29:58 | DEBUG    | __main__:198 — Raw shape: (380, 105) — SERIE_A_2223.csv
2026-05-02 18:29:58 | DEBUG    | __main__:265 — Parsed: 380 matches — SERIE_A_2223.csv
2026-05-02 18:29:58 | DEBUG    | __main__:198 — Raw shape: (380, 105) — SERIE_A_2324.csv
2026-05-02 18:29:58 | DEBUG    | __main__:265 — Parsed: 380 matches — SERIE_A_2324.csv
2026-05-02 18:29:58 | DEBUG    | __main__:198 — Raw shape: (380, 119) — SERIE_A_2425.csv
2026-05-02 18:29:58 | DEBUG    | __main__:265 — Parsed: 380 matches — SERIE_A_2425.csv
2026-05-02 18:29:58 | DEBUG    | __main__:198 — Raw shape: (380, 61) — LIGUE_1_1819.csv
2026-05-02 18:29:58 | DEBUG    | __main__:265 — Parsed: 380 matches — LIGUE_1_1819.csv
2026-05-02 18:29:58 | DEBUG    | __main__:198 — Raw shape: (279, 105) — LIGUE_1_1920.csv
2026-05-02 18:29:58 | DEBUG    | __main__:265 — Parsed: 279 matches — LIGUE_1_1920.csv
2026-05-02 18:29:58 | DEBUG    | __main__:198 — Raw shape: (380, 105) — LIGUE_1_2021.csv
2026-05-02 18:29:58 | DEBUG    | __main__:265 — Parsed: 380 matches — LIGUE_1_2021.csv
2026-05-02 18:29:58 | DEBUG    | __main__:198 — Raw shape: (380, 105) — LIGUE_1_2122.csv
2026-05-02 18:29:58 | DEBUG    | __main__:265 — Parsed: 380 matches — LIGUE_1_2122.csv
2026-05-02 18:29:58 | DEBUG    | __main__:198 — Raw shape: (380, 105) — LIGUE_1_2223.csv
2026-05-02 18:29:58 | DEBUG    | __main__:265 — Parsed: 380 matches — LIGUE_1_2223.csv
2026-05-02 18:29:59 | DEBUG    | __main__:198 — Raw shape: (306, 105) — LIGUE_1_2324.csv
2026-05-02 18:29:59 | DEBUG    | __main__:265 — Parsed: 306 matches — LIGUE_1_2324.csv
2026-05-02 18:29:59 | DEBUG    | __main__:198 — Raw shape: (306, 119) — LIGUE_1_2425.csv
2026-05-02 18:29:59 | DEBUG    | __main__:265 — Parsed: 306 matches — LIGUE_1_2425.csv
2026-05-02 18:29:59 | INFO     | __main__:486 — Merging 35 DataFrames ...
2026-05-02 18:29:59 | INFO     | __main__:494 — Deriving target variables (BTTS, Over 2.5, Corners) ...
2026-05-02 18:29:59 | INFO     | __main__:498 — Calculating fair odds (removing bookmaker overround) ...
2026-05-02 18:29:59 | DEBUG    | __main__:381 — Fair odds calculated for 14,249 matches. Avg overround: 1.0528
2026-05-02 18:29:59 | INFO     | __main__:572 — ============================================================
2026-05-02 18:29:59 | INFO     | __main__:573 — DATA QUALITY REPORT
2026-05-02 18:29:59 | INFO     | __main__:574 — ============================================================
2026-05-02 18:29:59 | INFO     | __main__:575 — Total matches      : 14,255
2026-05-02 18:29:59 | INFO     | __main__:576 — Date range         : 2018-08-03 → 2025-05-25
2026-05-02 18:29:59 | INFO     | __main__:577 — Columns            : 169
2026-05-02 18:29:59 | INFO     | __main__:578 — Leagues            : 5
2026-05-02 18:29:59 | INFO     | __main__:579 — Seasons            : ['1819', '1920', '2021', '2122', '2223', '2324', '2425']
2026-05-02 18:29:59 | INFO     | __main__:580 — 
2026-05-02 18:29:59 | INFO     | __main__:586 —   ENG_CHAMP    3,864 matches | 43 teams | 7 seasons
2026-05-02 18:29:59 | INFO     | __main__:586 —   EPL          2,660 matches | 29 teams | 7 seasons
2026-05-02 18:29:59 | INFO     | __main__:586 —   LA_LIGA      2,660 matches | 27 teams | 7 seasons
2026-05-02 18:29:59 | INFO     | __main__:586 —   LIGUE_1      2,411 matches | 29 teams | 7 seasons
2026-05-02 18:29:59 | INFO     | __main__:586 —   SERIE_A      2,660 matches | 31 teams | 7 seasons
2026-05-02 18:29:59 | INFO     | __main__:592 — 
2026-05-02 18:29:59 | INFO     | __main__:598 — Columns with missing values:
2026-05-02 18:29:59 | INFO     | __main__:601 —   1XBA                      12,305 (86.3%)
2026-05-02 18:29:59 | INFO     | __main__:601 —   1XBD                      12,305 (86.3%)
2026-05-02 18:29:59 | INFO     | __main__:601 —   1XBH                      12,305 (86.3%)
2026-05-02 18:29:59 | INFO     | __main__:601 —   BFEAHH                    12,287 (86.2%)
2026-05-02 18:29:59 | INFO     | __main__:601 —   BFEAHA                    12,287 (86.2%)
2026-05-02 18:29:59 | INFO     | __main__:601 —   BFE<2.5                   12,282 (86.2%)
2026-05-02 18:29:59 | INFO     | __main__:601 —   BFE>2.5                   12,282 (86.2%)
2026-05-02 18:29:59 | INFO     | __main__:601 —   BFH                       12,259 (86.0%)
2026-05-02 18:29:59 | INFO     | __main__:601 —   BFD                       12,259 (86.0%)
2026-05-02 18:29:59 | INFO     | __main__:601 —   BFA                       12,259 (86.0%)
2026-05-02 18:29:59 | INFO     | __main__:601 —   1XBCA                     12,257 (86.0%)
2026-05-02 18:29:59 | INFO     | __main__:601 —   BFCA                      12,257 (86.0%)
2026-05-02 18:29:59 | INFO     | __main__:601 —   BFCH                      12,257 (86.0%)
2026-05-02 18:29:59 | INFO     | __main__:601 —   1XBCH                     12,257 (86.0%)
2026-05-02 18:29:59 | INFO     | __main__:601 —   1XBCD                     12,257 (86.0%)
2026-05-02 18:29:59 | INFO     | __main__:601 —   BFCD                      12,257 (86.0%)
2026-05-02 18:29:59 | INFO     | __main__:601 —   BFECH                     12,257 (86.0%)
2026-05-02 18:29:59 | INFO     | __main__:601 —   BFECAHA                   12,257 (86.0%)
2026-05-02 18:29:59 | INFO     | __main__:601 —   BFECD                     12,257 (86.0%)
2026-05-02 18:29:59 | INFO     | __main__:601 —   BFEA                      12,257 (86.0%)
2026-05-02 18:29:59 | INFO     | __main__:601 —   BFEH                      12,257 (86.0%)
2026-05-02 18:29:59 | INFO     | __main__:601 —   BFED                      12,257 (86.0%)
2026-05-02 18:29:59 | INFO     | __main__:601 —   BFECAHH                   12,257 (86.0%)
2026-05-02 18:29:59 | INFO     | __main__:601 —   BFEC<2.5                  12,257 (86.0%)
2026-05-02 18:29:59 | INFO     | __main__:601 —   BFEC>2.5                  12,257 (86.0%)
2026-05-02 18:29:59 | INFO     | __main__:601 —   BFECA                     12,257 (86.0%)
2026-05-02 18:29:59 | INFO     | __main__:601 —   BbAH                      12,183 (85.5%)
2026-05-02 18:29:59 | INFO     | __main__:601 —   BbAv<2.5                  12,183 (85.5%)
2026-05-02 18:29:59 | INFO     | __main__:601 —   BbMxD                     12,183 (85.5%)
2026-05-02 18:29:59 | INFO     | __main__:601 —   BbMx<2.5                  12,183 (85.5%)
2026-05-02 18:29:59 | INFO     | __main__:601 —   BbAv>2.5                  12,183 (85.5%)
2026-05-02 18:29:59 | INFO     | __main__:601 —   BbMx>2.5                  12,183 (85.5%)
2026-05-02 18:29:59 | INFO     | __main__:601 —   BbOU                      12,183 (85.5%)
2026-05-02 18:29:59 | INFO     | __main__:601 —   BbAvA                     12,183 (85.5%)
2026-05-02 18:29:59 | INFO     | __main__:601 —   BbMxA                     12,183 (85.5%)
2026-05-02 18:29:59 | INFO     | __main__:601 —   BbAvD                     12,183 (85.5%)
2026-05-02 18:29:59 | INFO     | __main__:601 —   BbAHh                     12,183 (85.5%)
2026-05-02 18:29:59 | INFO     | __main__:601 —   BbAvH                     12,183 (85.5%)
2026-05-02 18:29:59 | INFO     | __main__:601 —   BbMxH                     12,183 (85.5%)
2026-05-02 18:29:59 | INFO     | __main__:601 —   Bb1X2                     12,183 (85.5%)
2026-05-02 18:29:59 | INFO     | __main__:601 —   BbAvAHH                   12,183 (85.5%)
2026-05-02 18:29:59 | INFO     | __main__:601 —   BbMxAHA                   12,183 (85.5%)
2026-05-02 18:29:59 | INFO     | __main__:601 —   BbAvAHA                   12,183 (85.5%)
2026-05-02 18:29:59 | INFO     | __main__:601 —   BbMxAHH                   12,183 (85.5%)
2026-05-02 18:29:59 | INFO     | __main__:601 —   referee                    7,732 (54.2%)
2026-05-02 18:29:59 | INFO     | __main__:601 —   IWCD                       5,056 (35.5%)
2026-05-02 18:29:59 | INFO     | __main__:601 —   IWCH                       5,056 (35.5%)
2026-05-02 18:29:59 | INFO     | __main__:601 —   IWCA                       5,056 (35.5%)
2026-05-02 18:29:59 | INFO     | __main__:601 —   VCCH                       4,070 (28.6%)
2026-05-02 18:29:59 | INFO     | __main__:601 —   VCCD                       4,070 (28.6%)
2026-05-02 18:29:59 | INFO     | __main__:601 —   VCCA                       4,070 (28.6%)
2026-05-02 18:29:59 | INFO     | __main__:601 —   IWA                        2,977 (20.9%)
2026-05-02 18:29:59 | INFO     | __main__:601 —   IWD                        2,977 (20.9%)
2026-05-02 18:29:59 | INFO     | __main__:601 —   IWH                        2,977 (20.9%)
2026-05-02 18:29:59 | INFO     | __main__:601 —   BWCH                       2,862 (20.1%)
2026-05-02 18:29:59 | INFO     | __main__:601 —   BWCD                       2,862 (20.1%)
2026-05-02 18:29:59 | INFO     | __main__:601 —   BWCA                       2,862 (20.1%)
2026-05-02 18:29:59 | INFO     | __main__:601 —   WHCD                       2,524 (17.7%)
2026-05-02 18:29:59 | INFO     | __main__:601 —   WHCH                       2,524 (17.7%)
2026-05-02 18:29:59 | INFO     | __main__:601 —   WHCA                       2,524 (17.7%)
2026-05-02 18:29:59 | INFO     | __main__:601 —   P<2.5                      2,107 (14.8%)
2026-05-02 18:29:59 | INFO     | __main__:601 —   P>2.5                      2,107 (14.8%)
2026-05-02 18:29:59 | INFO     | __main__:601 —   PC<2.5                     2,092 (14.7%)
2026-05-02 18:29:59 | INFO     | __main__:601 —   PC>2.5                     2,092 (14.7%)
2026-05-02 18:29:59 | INFO     | __main__:601 —   B365AHH                    2,089 (14.7%)
2026-05-02 18:29:59 | INFO     | __main__:601 —   B365AHA                    2,089 (14.7%)
2026-05-02 18:29:59 | INFO     | __main__:601 —   PAHH                       2,084 (14.6%)
2026-05-02 18:29:59 | INFO     | __main__:601 —   PAHA                       2,084 (14.6%)
2026-05-02 18:29:59 | INFO     | __main__:601 —   odds_over_25               2,082 (14.6%)
2026-05-02 18:29:59 | INFO     | __main__:601 —   odds_under_25              2,082 (14.6%)
2026-05-02 18:29:59 | INFO     | __main__:601 —   AvgAHH                     2,074 (14.5%)
2026-05-02 18:29:59 | INFO     | __main__:601 —   PCAHA                      2,074 (14.5%)
2026-05-02 18:29:59 | INFO     | __main__:601 —   PCAHH                      2,074 (14.5%)
2026-05-02 18:29:59 | INFO     | __main__:601 —   B365CAHA                   2,074 (14.5%)
2026-05-02 18:29:59 | INFO     | __main__:601 —   B365CAHH                   2,074 (14.5%)
2026-05-02 18:29:59 | INFO     | __main__:601 —   AvgAHA                     2,074 (14.5%)
2026-05-02 18:29:59 | INFO     | __main__:601 —   MaxAHH                     2,074 (14.5%)
2026-05-02 18:29:59 | INFO     | __main__:601 —   MaxAHA                     2,074 (14.5%)
2026-05-02 18:29:59 | INFO     | __main__:601 —   AHh                        2,074 (14.5%)
2026-05-02 18:29:59 | INFO     | __main__:601 —   Max>2.5                    2,074 (14.5%)
2026-05-02 18:29:59 | INFO     | __main__:601 —   Max<2.5                    2,074 (14.5%)
2026-05-02 18:29:59 | INFO     | __main__:601 —   Avg>2.5                    2,074 (14.5%)
2026-05-02 18:29:59 | INFO     | __main__:601 —   Avg<2.5                    2,074 (14.5%)
2026-05-02 18:29:59 | INFO     | __main__:601 —   MaxD                       2,073 (14.5%)
2026-05-02 18:29:59 | INFO     | __main__:601 —   B365CH                     2,073 (14.5%)
2026-05-02 18:29:59 | INFO     | __main__:601 —   B365C>2.5                  2,073 (14.5%)
2026-05-02 18:29:59 | INFO     | __main__:601 —   B365CA                     2,073 (14.5%)
2026-05-02 18:29:59 | INFO     | __main__:601 —   MaxH                       2,073 (14.5%)
2026-05-02 18:29:59 | INFO     | __main__:601 —   MaxA                       2,073 (14.5%)
2026-05-02 18:29:59 | INFO     | __main__:601 —   AvgH                       2,073 (14.5%)
2026-05-02 18:29:59 | INFO     | __main__:601 —   B365CD                     2,073 (14.5%)
2026-05-02 18:29:59 | INFO     | __main__:601 —   AvgD                       2,073 (14.5%)
2026-05-02 18:29:59 | INFO     | __main__:601 —   AvgA                       2,073 (14.5%)
2026-05-02 18:29:59 | INFO     | __main__:601 —   MaxCAHH                    2,073 (14.5%)
2026-05-02 18:29:59 | INFO     | __main__:601 —   MaxCAHA                    2,073 (14.5%)
2026-05-02 18:29:59 | INFO     | __main__:601 —   B365C<2.5                  2,073 (14.5%)
2026-05-02 18:29:59 | INFO     | __main__:601 —   AHCh                       2,072 (14.5%)
2026-05-02 18:29:59 | INFO     | __main__:601 —   AvgC<2.5                   2,072 (14.5%)
2026-05-02 18:29:59 | INFO     | __main__:601 —   AvgC>2.5                   2,072 (14.5%)
2026-05-02 18:29:59 | INFO     | __main__:601 —   MaxC>2.5                   2,072 (14.5%)
2026-05-02 18:29:59 | INFO     | __main__:601 —   AvgCAHH                    2,072 (14.5%)
2026-05-02 18:29:59 | INFO     | __main__:601 —   AvgCAHA                    2,072 (14.5%)
2026-05-02 18:29:59 | INFO     | __main__:601 —   MaxC<2.5                   2,072 (14.5%)
2026-05-02 18:29:59 | INFO     | __main__:601 —   AvgCA                      2,072 (14.5%)
2026-05-02 18:29:59 | INFO     | __main__:601 —   MaxCH                      2,072 (14.5%)
2026-05-02 18:29:59 | INFO     | __main__:601 —   Time                       2,072 (14.5%)
2026-05-02 18:29:59 | INFO     | __main__:601 —   AvgCD                      2,072 (14.5%)
2026-05-02 18:29:59 | INFO     | __main__:601 —   MaxCD                      2,072 (14.5%)
2026-05-02 18:29:59 | INFO     | __main__:601 —   MaxCA                      2,072 (14.5%)
2026-05-02 18:29:59 | INFO     | __main__:601 —   AvgCH                      2,072 (14.5%)
2026-05-02 18:29:59 | INFO     | __main__:601 —   VCA                        2,003 (14.1%)
2026-05-02 18:29:59 | INFO     | __main__:601 —   VCH                        2,003 (14.1%)
2026-05-02 18:29:59 | INFO     | __main__:601 —   VCD                        2,003 (14.1%)
2026-05-02 18:29:59 | INFO     | __main__:601 —   BWH                          771 (5.4%)
2026-05-02 18:29:59 | INFO     | __main__:601 —   BWD                          771 (5.4%)
2026-05-02 18:29:59 | INFO     | __main__:601 —   BWA                          771 (5.4%)
2026-05-02 18:29:59 | INFO     | __main__:601 —   WHA                          458 (3.2%)
2026-05-02 18:29:59 | INFO     | __main__:601 —   WHD                          458 (3.2%)
2026-05-02 18:29:59 | INFO     | __main__:601 —   WHH                          458 (3.2%)
2026-05-02 18:29:59 | INFO     | __main__:601 —   PSH                           12 (0.1%)
2026-05-02 18:29:59 | INFO     | __main__:601 —   PSA                           12 (0.1%)
2026-05-02 18:29:59 | INFO     | __main__:601 —   PSD                           12 (0.1%)
2026-05-02 18:29:59 | INFO     | __main__:601 —   implied_prob_home              6 (0.0%)
2026-05-02 18:29:59 | INFO     | __main__:601 —   implied_prob_draw              6 (0.0%)
2026-05-02 18:29:59 | INFO     | __main__:601 —   implied_prob_away              6 (0.0%)
2026-05-02 18:29:59 | INFO     | __main__:601 —   overround                      6 (0.0%)
2026-05-02 18:29:59 | INFO     | __main__:601 —   fair_prob_home                 6 (0.0%)
2026-05-02 18:29:59 | INFO     | __main__:601 —   fair_prob_draw                 6 (0.0%)
2026-05-02 18:29:59 | INFO     | __main__:601 —   fair_prob_away                 6 (0.0%)
2026-05-02 18:29:59 | INFO     | __main__:601 —   odds_away                      5 (0.0%)
2026-05-02 18:29:59 | INFO     | __main__:601 —   odds_draw                      5 (0.0%)
2026-05-02 18:29:59 | INFO     | __main__:601 —   odds_home                      5 (0.0%)
2026-05-02 18:29:59 | INFO     | __main__:601 —   PSCD                           2 (0.0%)
2026-05-02 18:29:59 | INFO     | __main__:601 —   PSCH                           2 (0.0%)
2026-05-02 18:29:59 | INFO     | __main__:601 —   PSCA                           2 (0.0%)
2026-05-02 18:29:59 | INFO     | __main__:601 —   ht_away_goals                  1 (0.0%)
2026-05-02 18:29:59 | INFO     | __main__:601 —   total_corners                  1 (0.0%)
2026-05-02 18:29:59 | INFO     | __main__:601 —   ht_result                      1 (0.0%)
2026-05-02 18:29:59 | INFO     | __main__:601 —   home_shots                     1 (0.0%)
2026-05-02 18:29:59 | INFO     | __main__:601 —   away_shots                     1 (0.0%)
2026-05-02 18:29:59 | INFO     | __main__:601 —   home_shots_ot                  1 (0.0%)
2026-05-02 18:29:59 | INFO     | __main__:601 —   away_shots_ot                  1 (0.0%)
2026-05-02 18:29:59 | INFO     | __main__:601 —   HF                             1 (0.0%)
2026-05-02 18:29:59 | INFO     | __main__:601 —   away_corners                   1 (0.0%)
2026-05-02 18:29:59 | INFO     | __main__:601 —   AF                             1 (0.0%)
2026-05-02 18:29:59 | INFO     | __main__:601 —   home_corners                   1 (0.0%)
2026-05-02 18:29:59 | INFO     | __main__:601 —   home_yellows                   1 (0.0%)
2026-05-02 18:29:59 | INFO     | __main__:601 —   away_yellows                   1 (0.0%)
2026-05-02 18:29:59 | INFO     | __main__:601 —   home_reds                      1 (0.0%)
2026-05-02 18:29:59 | INFO     | __main__:601 —   away_reds                      1 (0.0%)
2026-05-02 18:29:59 | INFO     | __main__:601 —   ht_home_goals                  1 (0.0%)
2026-05-02 18:29:59 | INFO     | __main__:605 — 
2026-05-02 18:29:59 | INFO     | __main__:611 — Result distribution:
2026-05-02 18:29:59 | INFO     | __main__:615 —   Home Win (H)        6,152 (43.2%)
2026-05-02 18:29:59 | INFO     | __main__:615 —   Draw (D)            3,667 (25.7%)
2026-05-02 18:29:59 | INFO     | __main__:615 —   Away Win (A)        4,436 (31.1%)
2026-05-02 18:29:59 | INFO     | __main__:619 — BTTS Yes rate      : 52.5%
2026-05-02 18:29:59 | INFO     | __main__:623 — Over 2.5 rate      : 50.2%
2026-05-02 18:29:59 | INFO     | __main__:627 — Bet365 odds coverage: 100.0%
2026-05-02 18:29:59 | INFO     | __main__:629 — ============================================================
2026-05-02 18:29:59 | SUCCESS  | __main__:504 — Master DataFrame built: 14,255 matches, 169 columns
2026-05-02 18:30:00 | SUCCESS  | __main__:522 — Saved master: /home/afshin/learning/files/data/processed/master.parquet (1704.2 KB)
2026-05-02 18:30:00 | DEBUG    | __main__:529 — Saved ENG_CHAMP: 3,864 matches → ENG_CHAMP_master.parquet
2026-05-02 18:30:00 | DEBUG    | __main__:529 — Saved EPL: 2,660 matches → EPL_master.parquet
2026-05-02 18:30:00 | DEBUG    | __main__:529 — Saved LIGUE_1: 2,411 matches → LIGUE_1_master.parquet
2026-05-02 18:30:00 | DEBUG    | __main__:529 — Saved LA_LIGA: 2,660 matches → LA_LIGA_master.parquet
2026-05-02 18:30:00 | DEBUG    | __main__:529 — Saved SERIE_A: 2,660 matches → SERIE_A_master.parquet
2026-05-02 18:30:00 | SUCCESS  | __main__:690 — All done. Run notebook 01_data_exploration.ipynb to explore the data.
2026-05-02 18:49:42 | INFO     | __main__:413 — Starting download: 5 leagues × 7 seasons = 35 files
2026-05-02 18:49:42 | DEBUG    | __main__:114 — Cache hit: EPL_1819.csv — skipping download
2026-05-02 18:49:42 | DEBUG    | __main__:114 — Cache hit: EPL_1920.csv — skipping download
2026-05-02 18:49:42 | DEBUG    | __main__:114 — Cache hit: EPL_2021.csv — skipping download
2026-05-02 18:49:42 | DEBUG    | __main__:114 — Cache hit: EPL_2122.csv — skipping download
2026-05-02 18:49:42 | DEBUG    | __main__:114 — Cache hit: EPL_2223.csv — skipping download
2026-05-02 18:49:42 | DEBUG    | __main__:114 — Cache hit: EPL_2324.csv — skipping download
2026-05-02 18:49:42 | DEBUG    | __main__:114 — Cache hit: EPL_2425.csv — skipping download
2026-05-02 18:49:42 | DEBUG    | __main__:114 — Cache hit: ENG_CHAMP_1819.csv — skipping download
2026-05-02 18:49:42 | DEBUG    | __main__:114 — Cache hit: ENG_CHAMP_1920.csv — skipping download
2026-05-02 18:49:42 | DEBUG    | __main__:114 — Cache hit: ENG_CHAMP_2021.csv — skipping download
2026-05-02 18:49:42 | DEBUG    | __main__:114 — Cache hit: ENG_CHAMP_2122.csv — skipping download
2026-05-02 18:49:42 | DEBUG    | __main__:114 — Cache hit: ENG_CHAMP_2223.csv — skipping download
2026-05-02 18:49:42 | DEBUG    | __main__:114 — Cache hit: ENG_CHAMP_2324.csv — skipping download
2026-05-02 18:49:42 | DEBUG    | __main__:114 — Cache hit: ENG_CHAMP_2425.csv — skipping download
2026-05-02 18:49:42 | DEBUG    | __main__:114 — Cache hit: LA_LIGA_1819.csv — skipping download
2026-05-02 18:49:42 | DEBUG    | __main__:114 — Cache hit: LA_LIGA_1920.csv — skipping download
2026-05-02 18:49:42 | DEBUG    | __main__:114 — Cache hit: LA_LIGA_2021.csv — skipping download
2026-05-02 18:49:42 | DEBUG    | __main__:114 — Cache hit: LA_LIGA_2122.csv — skipping download
2026-05-02 18:49:42 | DEBUG    | __main__:114 — Cache hit: LA_LIGA_2223.csv — skipping download
2026-05-02 18:49:42 | DEBUG    | __main__:114 — Cache hit: LA_LIGA_2324.csv — skipping download
2026-05-02 18:49:42 | DEBUG    | __main__:114 — Cache hit: LA_LIGA_2425.csv — skipping download
2026-05-02 18:49:42 | DEBUG    | __main__:114 — Cache hit: SERIE_A_1819.csv — skipping download
2026-05-02 18:49:42 | DEBUG    | __main__:114 — Cache hit: SERIE_A_1920.csv — skipping download
2026-05-02 18:49:42 | DEBUG    | __main__:114 — Cache hit: SERIE_A_2021.csv — skipping download
2026-05-02 18:49:42 | DEBUG    | __main__:114 — Cache hit: SERIE_A_2122.csv — skipping download
2026-05-02 18:49:42 | DEBUG    | __main__:114 — Cache hit: SERIE_A_2223.csv — skipping download
2026-05-02 18:49:42 | DEBUG    | __main__:114 — Cache hit: SERIE_A_2324.csv — skipping download
2026-05-02 18:49:42 | DEBUG    | __main__:114 — Cache hit: SERIE_A_2425.csv — skipping download
2026-05-02 18:49:42 | DEBUG    | __main__:114 — Cache hit: LIGUE_1_1819.csv — skipping download
2026-05-02 18:49:42 | DEBUG    | __main__:114 — Cache hit: LIGUE_1_1920.csv — skipping download
2026-05-02 18:49:42 | DEBUG    | __main__:114 — Cache hit: LIGUE_1_2021.csv — skipping download
2026-05-02 18:49:42 | DEBUG    | __main__:114 — Cache hit: LIGUE_1_2122.csv — skipping download
2026-05-02 18:49:42 | DEBUG    | __main__:114 — Cache hit: LIGUE_1_2223.csv — skipping download
2026-05-02 18:49:42 | DEBUG    | __main__:114 — Cache hit: LIGUE_1_2324.csv — skipping download
2026-05-02 18:49:42 | DEBUG    | __main__:114 — Cache hit: LIGUE_1_2425.csv — skipping download
2026-05-02 18:49:42 | INFO     | __main__:425 — Download complete: 35/35 files successfully obtained
2026-05-02 18:49:42 | INFO     | __main__:462 — Parsing downloaded CSV files ...
2026-05-02 18:49:42 | DEBUG    | __main__:198 — Raw shape: (380, 62) — EPL_1819.csv
2026-05-02 18:49:42 | DEBUG    | __main__:265 — Parsed: 380 matches — EPL_1819.csv
2026-05-02 18:49:42 | DEBUG    | __main__:198 — Raw shape: (380, 106) — EPL_1920.csv
2026-05-02 18:49:42 | DEBUG    | __main__:265 — Parsed: 380 matches — EPL_1920.csv
2026-05-02 18:49:42 | DEBUG    | __main__:198 — Raw shape: (380, 106) — EPL_2021.csv
2026-05-02 18:49:42 | DEBUG    | __main__:265 — Parsed: 380 matches — EPL_2021.csv
2026-05-02 18:49:42 | DEBUG    | __main__:198 — Raw shape: (380, 106) — EPL_2122.csv
2026-05-02 18:49:42 | DEBUG    | __main__:265 — Parsed: 380 matches — EPL_2122.csv
2026-05-02 18:49:43 | DEBUG    | __main__:198 — Raw shape: (380, 106) — EPL_2223.csv
2026-05-02 18:49:43 | DEBUG    | __main__:265 — Parsed: 380 matches — EPL_2223.csv
2026-05-02 18:49:43 | DEBUG    | __main__:198 — Raw shape: (380, 106) — EPL_2324.csv
2026-05-02 18:49:43 | DEBUG    | __main__:265 — Parsed: 380 matches — EPL_2324.csv
2026-05-02 18:49:43 | DEBUG    | __main__:198 — Raw shape: (380, 120) — EPL_2425.csv
2026-05-02 18:49:43 | DEBUG    | __main__:265 — Parsed: 380 matches — EPL_2425.csv
2026-05-02 18:49:43 | DEBUG    | __main__:198 — Raw shape: (552, 62) — ENG_CHAMP_1819.csv
2026-05-02 18:49:43 | DEBUG    | __main__:265 — Parsed: 552 matches — ENG_CHAMP_1819.csv
2026-05-02 18:49:43 | DEBUG    | __main__:198 — Raw shape: (552, 106) — ENG_CHAMP_1920.csv
2026-05-02 18:49:43 | DEBUG    | __main__:265 — Parsed: 552 matches — ENG_CHAMP_1920.csv
2026-05-02 18:49:43 | DEBUG    | __main__:198 — Raw shape: (552, 106) — ENG_CHAMP_2021.csv
2026-05-02 18:49:43 | DEBUG    | __main__:265 — Parsed: 552 matches — ENG_CHAMP_2021.csv
2026-05-02 18:49:43 | DEBUG    | __main__:198 — Raw shape: (552, 106) — ENG_CHAMP_2122.csv
2026-05-02 18:49:43 | DEBUG    | __main__:265 — Parsed: 552 matches — ENG_CHAMP_2122.csv
2026-05-02 18:49:43 | DEBUG    | __main__:198 — Raw shape: (552, 106) — ENG_CHAMP_2223.csv
2026-05-02 18:49:43 | DEBUG    | __main__:265 — Parsed: 552 matches — ENG_CHAMP_2223.csv
2026-05-02 18:49:43 | DEBUG    | __main__:198 — Raw shape: (552, 106) — ENG_CHAMP_2324.csv
2026-05-02 18:49:43 | DEBUG    | __main__:265 — Parsed: 552 matches — ENG_CHAMP_2324.csv
2026-05-02 18:49:44 | DEBUG    | __main__:198 — Raw shape: (552, 120) — ENG_CHAMP_2425.csv
2026-05-02 18:49:44 | DEBUG    | __main__:265 — Parsed: 552 matches — ENG_CHAMP_2425.csv
2026-05-02 18:49:44 | DEBUG    | __main__:198 — Raw shape: (380, 61) — LA_LIGA_1819.csv
2026-05-02 18:49:44 | DEBUG    | __main__:265 — Parsed: 380 matches — LA_LIGA_1819.csv
2026-05-02 18:49:44 | DEBUG    | __main__:198 — Raw shape: (380, 105) — LA_LIGA_1920.csv
2026-05-02 18:49:44 | DEBUG    | __main__:265 — Parsed: 380 matches — LA_LIGA_1920.csv
2026-05-02 18:49:44 | DEBUG    | __main__:198 — Raw shape: (380, 105) — LA_LIGA_2021.csv
2026-05-02 18:49:44 | DEBUG    | __main__:265 — Parsed: 380 matches — LA_LIGA_2021.csv
2026-05-02 18:49:44 | DEBUG    | __main__:198 — Raw shape: (380, 105) — LA_LIGA_2122.csv
2026-05-02 18:49:44 | DEBUG    | __main__:265 — Parsed: 380 matches — LA_LIGA_2122.csv
2026-05-02 18:49:44 | DEBUG    | __main__:198 — Raw shape: (380, 105) — LA_LIGA_2223.csv
2026-05-02 18:49:44 | DEBUG    | __main__:265 — Parsed: 380 matches — LA_LIGA_2223.csv
2026-05-02 18:49:44 | DEBUG    | __main__:198 — Raw shape: (380, 105) — LA_LIGA_2324.csv
2026-05-02 18:49:44 | DEBUG    | __main__:265 — Parsed: 380 matches — LA_LIGA_2324.csv
2026-05-02 18:49:44 | DEBUG    | __main__:198 — Raw shape: (380, 119) — LA_LIGA_2425.csv
2026-05-02 18:49:44 | DEBUG    | __main__:265 — Parsed: 380 matches — LA_LIGA_2425.csv
2026-05-02 18:49:44 | DEBUG    | __main__:198 — Raw shape: (380, 61) — SERIE_A_1819.csv
2026-05-02 18:49:44 | DEBUG    | __main__:265 — Parsed: 380 matches — SERIE_A_1819.csv
2026-05-02 18:49:44 | DEBUG    | __main__:198 — Raw shape: (380, 105) — SERIE_A_1920.csv
2026-05-02 18:49:44 | DEBUG    | __main__:265 — Parsed: 380 matches — SERIE_A_1920.csv
2026-05-02 18:49:44 | DEBUG    | __main__:198 — Raw shape: (380, 105) — SERIE_A_2021.csv
2026-05-02 18:49:44 | DEBUG    | __main__:265 — Parsed: 380 matches — SERIE_A_2021.csv
2026-05-02 18:49:44 | DEBUG    | __main__:198 — Raw shape: (380, 105) — SERIE_A_2122.csv
2026-05-02 18:49:44 | DEBUG    | __main__:265 — Parsed: 380 matches — SERIE_A_2122.csv
2026-05-02 18:49:45 | DEBUG    | __main__:198 — Raw shape: (380, 105) — SERIE_A_2223.csv
2026-05-02 18:49:45 | DEBUG    | __main__:265 — Parsed: 380 matches — SERIE_A_2223.csv
2026-05-02 18:49:45 | DEBUG    | __main__:198 — Raw shape: (380, 105) — SERIE_A_2324.csv
2026-05-02 18:49:45 | DEBUG    | __main__:265 — Parsed: 380 matches — SERIE_A_2324.csv
2026-05-02 18:49:45 | DEBUG    | __main__:198 — Raw shape: (380, 119) — SERIE_A_2425.csv
2026-05-02 18:49:45 | DEBUG    | __main__:265 — Parsed: 380 matches — SERIE_A_2425.csv
2026-05-02 18:49:45 | DEBUG    | __main__:198 — Raw shape: (380, 61) — LIGUE_1_1819.csv
2026-05-02 18:49:45 | DEBUG    | __main__:265 — Parsed: 380 matches — LIGUE_1_1819.csv
2026-05-02 18:49:45 | DEBUG    | __main__:198 — Raw shape: (279, 105) — LIGUE_1_1920.csv
2026-05-02 18:49:45 | DEBUG    | __main__:265 — Parsed: 279 matches — LIGUE_1_1920.csv
2026-05-02 18:49:45 | DEBUG    | __main__:198 — Raw shape: (380, 105) — LIGUE_1_2021.csv
2026-05-02 18:49:45 | DEBUG    | __main__:265 — Parsed: 380 matches — LIGUE_1_2021.csv
2026-05-02 18:49:45 | DEBUG    | __main__:198 — Raw shape: (380, 105) — LIGUE_1_2122.csv
2026-05-02 18:49:45 | DEBUG    | __main__:265 — Parsed: 380 matches — LIGUE_1_2122.csv
2026-05-02 18:49:45 | DEBUG    | __main__:198 — Raw shape: (380, 105) — LIGUE_1_2223.csv
2026-05-02 18:49:45 | DEBUG    | __main__:265 — Parsed: 380 matches — LIGUE_1_2223.csv
2026-05-02 18:49:45 | DEBUG    | __main__:198 — Raw shape: (306, 105) — LIGUE_1_2324.csv
2026-05-02 18:49:45 | DEBUG    | __main__:265 — Parsed: 306 matches — LIGUE_1_2324.csv
2026-05-02 18:49:45 | DEBUG    | __main__:198 — Raw shape: (306, 119) — LIGUE_1_2425.csv
2026-05-02 18:49:45 | DEBUG    | __main__:265 — Parsed: 306 matches — LIGUE_1_2425.csv
2026-05-02 18:49:45 | INFO     | __main__:486 — Merging 35 DataFrames ...
2026-05-02 18:49:46 | INFO     | __main__:494 — Deriving target variables (BTTS, Over 2.5, Corners) ...
2026-05-02 18:49:46 | INFO     | __main__:498 — Calculating fair odds (removing bookmaker overround) ...
2026-05-02 18:49:46 | DEBUG    | __main__:381 — Fair odds calculated for 14,249 matches. Avg overround: 1.0528
2026-05-02 18:49:46 | INFO     | __main__:572 — ============================================================
2026-05-02 18:49:46 | INFO     | __main__:573 — DATA QUALITY REPORT
2026-05-02 18:49:46 | INFO     | __main__:574 — ============================================================
2026-05-02 18:49:46 | INFO     | __main__:575 — Total matches      : 14,255
2026-05-02 18:49:46 | INFO     | __main__:576 — Date range         : 2018-08-03 → 2025-05-25
2026-05-02 18:49:46 | INFO     | __main__:577 — Columns            : 169
2026-05-02 18:49:46 | INFO     | __main__:578 — Leagues            : 5
2026-05-02 18:49:46 | INFO     | __main__:579 — Seasons            : ['1819', '1920', '2021', '2122', '2223', '2324', '2425']
2026-05-02 18:49:46 | INFO     | __main__:580 — 
2026-05-02 18:49:46 | INFO     | __main__:586 —   ENG_CHAMP    3,864 matches | 43 teams | 7 seasons
2026-05-02 18:49:46 | INFO     | __main__:586 —   EPL          2,660 matches | 29 teams | 7 seasons
2026-05-02 18:49:46 | INFO     | __main__:586 —   LA_LIGA      2,660 matches | 27 teams | 7 seasons
2026-05-02 18:49:46 | INFO     | __main__:586 —   LIGUE_1      2,411 matches | 29 teams | 7 seasons
2026-05-02 18:49:46 | INFO     | __main__:586 —   SERIE_A      2,660 matches | 31 teams | 7 seasons
2026-05-02 18:49:46 | INFO     | __main__:592 — 
2026-05-02 18:49:46 | INFO     | __main__:598 — Columns with missing values:
2026-05-02 18:49:46 | INFO     | __main__:601 —   1XBA                      12,305 (86.3%)
2026-05-02 18:49:46 | INFO     | __main__:601 —   1XBD                      12,305 (86.3%)
2026-05-02 18:49:46 | INFO     | __main__:601 —   1XBH                      12,305 (86.3%)
2026-05-02 18:49:46 | INFO     | __main__:601 —   BFEAHH                    12,287 (86.2%)
2026-05-02 18:49:46 | INFO     | __main__:601 —   BFEAHA                    12,287 (86.2%)
2026-05-02 18:49:46 | INFO     | __main__:601 —   BFE<2.5                   12,282 (86.2%)
2026-05-02 18:49:46 | INFO     | __main__:601 —   BFE>2.5                   12,282 (86.2%)
2026-05-02 18:49:46 | INFO     | __main__:601 —   BFH                       12,259 (86.0%)
2026-05-02 18:49:46 | INFO     | __main__:601 —   BFD                       12,259 (86.0%)
2026-05-02 18:49:46 | INFO     | __main__:601 —   BFA                       12,259 (86.0%)
2026-05-02 18:49:46 | INFO     | __main__:601 —   1XBCA                     12,257 (86.0%)
2026-05-02 18:49:46 | INFO     | __main__:601 —   BFCA                      12,257 (86.0%)
2026-05-02 18:49:46 | INFO     | __main__:601 —   BFCH                      12,257 (86.0%)
2026-05-02 18:49:46 | INFO     | __main__:601 —   1XBCH                     12,257 (86.0%)
2026-05-02 18:49:46 | INFO     | __main__:601 —   1XBCD                     12,257 (86.0%)
2026-05-02 18:49:46 | INFO     | __main__:601 —   BFCD                      12,257 (86.0%)
2026-05-02 18:49:46 | INFO     | __main__:601 —   BFECH                     12,257 (86.0%)
2026-05-02 18:49:46 | INFO     | __main__:601 —   BFECAHA                   12,257 (86.0%)
2026-05-02 18:49:46 | INFO     | __main__:601 —   BFECD                     12,257 (86.0%)
2026-05-02 18:49:46 | INFO     | __main__:601 —   BFEA                      12,257 (86.0%)
2026-05-02 18:49:46 | INFO     | __main__:601 —   BFEH                      12,257 (86.0%)
2026-05-02 18:49:46 | INFO     | __main__:601 —   BFED                      12,257 (86.0%)
2026-05-02 18:49:46 | INFO     | __main__:601 —   BFECAHH                   12,257 (86.0%)
2026-05-02 18:49:46 | INFO     | __main__:601 —   BFEC<2.5                  12,257 (86.0%)
2026-05-02 18:49:46 | INFO     | __main__:601 —   BFEC>2.5                  12,257 (86.0%)
2026-05-02 18:49:46 | INFO     | __main__:601 —   BFECA                     12,257 (86.0%)
2026-05-02 18:49:46 | INFO     | __main__:601 —   BbAH                      12,183 (85.5%)
2026-05-02 18:49:46 | INFO     | __main__:601 —   BbAv<2.5                  12,183 (85.5%)
2026-05-02 18:49:46 | INFO     | __main__:601 —   BbMxD                     12,183 (85.5%)
2026-05-02 18:49:46 | INFO     | __main__:601 —   BbMx<2.5                  12,183 (85.5%)
2026-05-02 18:49:46 | INFO     | __main__:601 —   BbAv>2.5                  12,183 (85.5%)
2026-05-02 18:49:46 | INFO     | __main__:601 —   BbMx>2.5                  12,183 (85.5%)
2026-05-02 18:49:46 | INFO     | __main__:601 —   BbOU                      12,183 (85.5%)
2026-05-02 18:49:46 | INFO     | __main__:601 —   BbAvA                     12,183 (85.5%)
2026-05-02 18:49:46 | INFO     | __main__:601 —   BbMxA                     12,183 (85.5%)
2026-05-02 18:49:46 | INFO     | __main__:601 —   BbAvD                     12,183 (85.5%)
2026-05-02 18:49:46 | INFO     | __main__:601 —   BbAHh                     12,183 (85.5%)
2026-05-02 18:49:46 | INFO     | __main__:601 —   BbAvH                     12,183 (85.5%)
2026-05-02 18:49:46 | INFO     | __main__:601 —   BbMxH                     12,183 (85.5%)
2026-05-02 18:49:46 | INFO     | __main__:601 —   Bb1X2                     12,183 (85.5%)
2026-05-02 18:49:46 | INFO     | __main__:601 —   BbAvAHH                   12,183 (85.5%)
2026-05-02 18:49:46 | INFO     | __main__:601 —   BbMxAHA                   12,183 (85.5%)
2026-05-02 18:49:46 | INFO     | __main__:601 —   BbAvAHA                   12,183 (85.5%)
2026-05-02 18:49:46 | INFO     | __main__:601 —   BbMxAHH                   12,183 (85.5%)
2026-05-02 18:49:46 | INFO     | __main__:601 —   referee                    7,732 (54.2%)
2026-05-02 18:49:46 | INFO     | __main__:601 —   IWCD                       5,056 (35.5%)
2026-05-02 18:49:46 | INFO     | __main__:601 —   IWCH                       5,056 (35.5%)
2026-05-02 18:49:46 | INFO     | __main__:601 —   IWCA                       5,056 (35.5%)
2026-05-02 18:49:46 | INFO     | __main__:601 —   VCCH                       4,070 (28.6%)
2026-05-02 18:49:46 | INFO     | __main__:601 —   VCCD                       4,070 (28.6%)
2026-05-02 18:49:46 | INFO     | __main__:601 —   VCCA                       4,070 (28.6%)
2026-05-02 18:49:46 | INFO     | __main__:601 —   IWA                        2,977 (20.9%)
2026-05-02 18:49:46 | INFO     | __main__:601 —   IWD                        2,977 (20.9%)
2026-05-02 18:49:46 | INFO     | __main__:601 —   IWH                        2,977 (20.9%)
2026-05-02 18:49:46 | INFO     | __main__:601 —   BWCH                       2,862 (20.1%)
2026-05-02 18:49:46 | INFO     | __main__:601 —   BWCD                       2,862 (20.1%)
2026-05-02 18:49:46 | INFO     | __main__:601 —   BWCA                       2,862 (20.1%)
2026-05-02 18:49:46 | INFO     | __main__:601 —   WHCD                       2,524 (17.7%)
2026-05-02 18:49:46 | INFO     | __main__:601 —   WHCH                       2,524 (17.7%)
2026-05-02 18:49:46 | INFO     | __main__:601 —   WHCA                       2,524 (17.7%)
2026-05-02 18:49:46 | INFO     | __main__:601 —   P<2.5                      2,107 (14.8%)
2026-05-02 18:49:46 | INFO     | __main__:601 —   P>2.5                      2,107 (14.8%)
2026-05-02 18:49:46 | INFO     | __main__:601 —   PC<2.5                     2,092 (14.7%)
2026-05-02 18:49:46 | INFO     | __main__:601 —   PC>2.5                     2,092 (14.7%)
2026-05-02 18:49:46 | INFO     | __main__:601 —   B365AHH                    2,089 (14.7%)
2026-05-02 18:49:46 | INFO     | __main__:601 —   B365AHA                    2,089 (14.7%)
2026-05-02 18:49:46 | INFO     | __main__:601 —   PAHH                       2,084 (14.6%)
2026-05-02 18:49:46 | INFO     | __main__:601 —   PAHA                       2,084 (14.6%)
2026-05-02 18:49:46 | INFO     | __main__:601 —   odds_over_25               2,082 (14.6%)
2026-05-02 18:49:46 | INFO     | __main__:601 —   odds_under_25              2,082 (14.6%)
2026-05-02 18:49:46 | INFO     | __main__:601 —   AvgAHH                     2,074 (14.5%)
2026-05-02 18:49:46 | INFO     | __main__:601 —   PCAHA                      2,074 (14.5%)
2026-05-02 18:49:46 | INFO     | __main__:601 —   PCAHH                      2,074 (14.5%)
2026-05-02 18:49:46 | INFO     | __main__:601 —   B365CAHA                   2,074 (14.5%)
2026-05-02 18:49:46 | INFO     | __main__:601 —   B365CAHH                   2,074 (14.5%)
2026-05-02 18:49:46 | INFO     | __main__:601 —   AvgAHA                     2,074 (14.5%)
2026-05-02 18:49:46 | INFO     | __main__:601 —   MaxAHH                     2,074 (14.5%)
2026-05-02 18:49:46 | INFO     | __main__:601 —   MaxAHA                     2,074 (14.5%)
2026-05-02 18:49:46 | INFO     | __main__:601 —   AHh                        2,074 (14.5%)
2026-05-02 18:49:46 | INFO     | __main__:601 —   Max>2.5                    2,074 (14.5%)
2026-05-02 18:49:46 | INFO     | __main__:601 —   Max<2.5                    2,074 (14.5%)
2026-05-02 18:49:46 | INFO     | __main__:601 —   Avg>2.5                    2,074 (14.5%)
2026-05-02 18:49:46 | INFO     | __main__:601 —   Avg<2.5                    2,074 (14.5%)
2026-05-02 18:49:46 | INFO     | __main__:601 —   MaxD                       2,073 (14.5%)
2026-05-02 18:49:46 | INFO     | __main__:601 —   B365CH                     2,073 (14.5%)
2026-05-02 18:49:46 | INFO     | __main__:601 —   B365C>2.5                  2,073 (14.5%)
2026-05-02 18:49:46 | INFO     | __main__:601 —   B365CA                     2,073 (14.5%)
2026-05-02 18:49:46 | INFO     | __main__:601 —   MaxH                       2,073 (14.5%)
2026-05-02 18:49:46 | INFO     | __main__:601 —   MaxA                       2,073 (14.5%)
2026-05-02 18:49:46 | INFO     | __main__:601 —   AvgH                       2,073 (14.5%)
2026-05-02 18:49:46 | INFO     | __main__:601 —   B365CD                     2,073 (14.5%)
2026-05-02 18:49:46 | INFO     | __main__:601 —   AvgD                       2,073 (14.5%)
2026-05-02 18:49:46 | INFO     | __main__:601 —   AvgA                       2,073 (14.5%)
2026-05-02 18:49:46 | INFO     | __main__:601 —   MaxCAHH                    2,073 (14.5%)
2026-05-02 18:49:46 | INFO     | __main__:601 —   MaxCAHA                    2,073 (14.5%)
2026-05-02 18:49:46 | INFO     | __main__:601 —   B365C<2.5                  2,073 (14.5%)
2026-05-02 18:49:46 | INFO     | __main__:601 —   AHCh                       2,072 (14.5%)
2026-05-02 18:49:46 | INFO     | __main__:601 —   AvgC<2.5                   2,072 (14.5%)
2026-05-02 18:49:46 | INFO     | __main__:601 —   AvgC>2.5                   2,072 (14.5%)
2026-05-02 18:49:46 | INFO     | __main__:601 —   MaxC>2.5                   2,072 (14.5%)
2026-05-02 18:49:46 | INFO     | __main__:601 —   AvgCAHH                    2,072 (14.5%)
2026-05-02 18:49:46 | INFO     | __main__:601 —   AvgCAHA                    2,072 (14.5%)
2026-05-02 18:49:46 | INFO     | __main__:601 —   MaxC<2.5                   2,072 (14.5%)
2026-05-02 18:49:46 | INFO     | __main__:601 —   AvgCA                      2,072 (14.5%)
2026-05-02 18:49:46 | INFO     | __main__:601 —   MaxCH                      2,072 (14.5%)
2026-05-02 18:49:46 | INFO     | __main__:601 —   Time                       2,072 (14.5%)
2026-05-02 18:49:46 | INFO     | __main__:601 —   AvgCD                      2,072 (14.5%)
2026-05-02 18:49:46 | INFO     | __main__:601 —   MaxCD                      2,072 (14.5%)
2026-05-02 18:49:46 | INFO     | __main__:601 —   MaxCA                      2,072 (14.5%)
2026-05-02 18:49:46 | INFO     | __main__:601 —   AvgCH                      2,072 (14.5%)
2026-05-02 18:49:46 | INFO     | __main__:601 —   VCA                        2,003 (14.1%)
2026-05-02 18:49:46 | INFO     | __main__:601 —   VCH                        2,003 (14.1%)
2026-05-02 18:49:46 | INFO     | __main__:601 —   VCD                        2,003 (14.1%)
2026-05-02 18:49:46 | INFO     | __main__:601 —   BWH                          771 (5.4%)
2026-05-02 18:49:46 | INFO     | __main__:601 —   BWD                          771 (5.4%)
2026-05-02 18:49:46 | INFO     | __main__:601 —   BWA                          771 (5.4%)
2026-05-02 18:49:46 | INFO     | __main__:601 —   WHA                          458 (3.2%)
2026-05-02 18:49:46 | INFO     | __main__:601 —   WHD                          458 (3.2%)
2026-05-02 18:49:46 | INFO     | __main__:601 —   WHH                          458 (3.2%)
2026-05-02 18:49:46 | INFO     | __main__:601 —   PSH                           12 (0.1%)
2026-05-02 18:49:46 | INFO     | __main__:601 —   PSA                           12 (0.1%)
2026-05-02 18:49:46 | INFO     | __main__:601 —   PSD                           12 (0.1%)
2026-05-02 18:49:46 | INFO     | __main__:601 —   implied_prob_home              6 (0.0%)
2026-05-02 18:49:46 | INFO     | __main__:601 —   implied_prob_draw              6 (0.0%)
2026-05-02 18:49:46 | INFO     | __main__:601 —   implied_prob_away              6 (0.0%)
2026-05-02 18:49:46 | INFO     | __main__:601 —   overround                      6 (0.0%)
2026-05-02 18:49:46 | INFO     | __main__:601 —   fair_prob_home                 6 (0.0%)
2026-05-02 18:49:46 | INFO     | __main__:601 —   fair_prob_draw                 6 (0.0%)
2026-05-02 18:49:46 | INFO     | __main__:601 —   fair_prob_away                 6 (0.0%)
2026-05-02 18:49:46 | INFO     | __main__:601 —   odds_away                      5 (0.0%)
2026-05-02 18:49:46 | INFO     | __main__:601 —   odds_draw                      5 (0.0%)
2026-05-02 18:49:46 | INFO     | __main__:601 —   odds_home                      5 (0.0%)
2026-05-02 18:49:46 | INFO     | __main__:601 —   PSCD                           2 (0.0%)
2026-05-02 18:49:46 | INFO     | __main__:601 —   PSCH                           2 (0.0%)
2026-05-02 18:49:46 | INFO     | __main__:601 —   PSCA                           2 (0.0%)
2026-05-02 18:49:46 | INFO     | __main__:601 —   ht_away_goals                  1 (0.0%)
2026-05-02 18:49:46 | INFO     | __main__:601 —   total_corners                  1 (0.0%)
2026-05-02 18:49:46 | INFO     | __main__:601 —   ht_result                      1 (0.0%)
2026-05-02 18:49:46 | INFO     | __main__:601 —   home_shots                     1 (0.0%)
2026-05-02 18:49:46 | INFO     | __main__:601 —   away_shots                     1 (0.0%)
2026-05-02 18:49:46 | INFO     | __main__:601 —   home_shots_ot                  1 (0.0%)
2026-05-02 18:49:46 | INFO     | __main__:601 —   away_shots_ot                  1 (0.0%)
2026-05-02 18:49:46 | INFO     | __main__:601 —   HF                             1 (0.0%)
2026-05-02 18:49:46 | INFO     | __main__:601 —   away_corners                   1 (0.0%)
2026-05-02 18:49:46 | INFO     | __main__:601 —   AF                             1 (0.0%)
2026-05-02 18:49:46 | INFO     | __main__:601 —   home_corners                   1 (0.0%)
2026-05-02 18:49:46 | INFO     | __main__:601 —   home_yellows                   1 (0.0%)
2026-05-02 18:49:46 | INFO     | __main__:601 —   away_yellows                   1 (0.0%)
2026-05-02 18:49:46 | INFO     | __main__:601 —   home_reds                      1 (0.0%)
2026-05-02 18:49:46 | INFO     | __main__:601 —   away_reds                      1 (0.0%)
2026-05-02 18:49:46 | INFO     | __main__:601 —   ht_home_goals                  1 (0.0%)
2026-05-02 18:49:46 | INFO     | __main__:605 — 
2026-05-02 18:49:46 | INFO     | __main__:611 — Result distribution:
2026-05-02 18:49:46 | INFO     | __main__:615 —   Home Win (H)        6,152 (43.2%)
2026-05-02 18:49:46 | INFO     | __main__:615 —   Draw (D)            3,667 (25.7%)
2026-05-02 18:49:46 | INFO     | __main__:615 —   Away Win (A)        4,436 (31.1%)
2026-05-02 18:49:46 | INFO     | __main__:619 — BTTS Yes rate      : 52.5%
2026-05-02 18:49:46 | INFO     | __main__:623 — Over 2.5 rate      : 50.2%
2026-05-02 18:49:46 | INFO     | __main__:627 — Bet365 odds coverage: 100.0%
2026-05-02 18:49:46 | INFO     | __main__:629 — ============================================================
2026-05-02 18:49:46 | SUCCESS  | __main__:504 — Master DataFrame built: 14,255 matches, 169 columns
2026-05-02 18:49:46 | SUCCESS  | __main__:522 — Saved master: /home/afshin/learning/files/data/processed/master.parquet (1704.2 KB)
2026-05-02 18:49:46 | DEBUG    | __main__:529 — Saved ENG_CHAMP: 3,864 matches → ENG_CHAMP_master.parquet
2026-05-02 18:49:46 | DEBUG    | __main__:529 — Saved EPL: 2,660 matches → EPL_master.parquet
2026-05-02 18:49:46 | DEBUG    | __main__:529 — Saved LIGUE_1: 2,411 matches → LIGUE_1_master.parquet
2026-05-02 18:49:46 | DEBUG    | __main__:529 — Saved LA_LIGA: 2,660 matches → LA_LIGA_master.parquet
2026-05-02 18:49:46 | DEBUG    | __main__:529 — Saved SERIE_A: 2,660 matches → SERIE_A_master.parquet
2026-05-02 18:49:46 | SUCCESS  | __main__:690 — All done. Run notebook 01_data_exploration.ipynb to explore the data.
